id_moto,temp_c,vib,batt_pct,zona,timestamp
1,42.98,1.03,90.81,Nordeste,2025-11-09T00:29:29
2,68.61,0.57,74.43,Noroeste,2025-11-09T00:29:29
3,30.14,0.35,85.53,Sudeste,2025-11-09T00:29:29
4,30.24,0.44,10.61,Sudoeste,2025-11-09T00:29:29
1,43.02,1.02,85.19,Nordeste,2025-11-09T00:29:34
2,67.15,0.54,60.10,Noroeste,2025-11-09T00:29:34
3,34.65,0.18,86.16,Sudeste,2025-11-09T00:29:34
4,32.58,0.44,11.94,Sudoeste,2025-11-09T00:29:34
1,44.00,1.22,97.98,Nordeste,2025-11-09T00:29:39
2,65.81,0.51,63.29,Noroeste,2025-11-09T00:29:39
3,33.78,0.34,78.35,Sudeste,2025-11-09T00:29:39
4,32.59,0.46,7.83,Sudoeste,2025-11-09T00:29:39
1,47.58,1.38,90.70,Nordeste,2025-11-09T00:29:44
2,81.83,0.67,79.19,Noroeste,2025-11-09T00:29:44
3,32.09,0.36,74.03,Sudeste,2025-11-09T00:29:44
4,37.28,0.48,22.72,Sudoeste,2025-11-09T00:29:44
1,43.29,1.42,79.55,Nordeste,2025-11-09T00:29:49
2,74.47,0.78,60.57,Noroeste,2025-11-09T00:29:49
3,33.57,0.33,73.08,Sudeste,2025-11-09T00:29:49
4,30.71,0.27,14.64,Sudoeste,2025-11-09T00:29:49
1,40.58,1.25,60.84,Nordeste,2025-11-09T00:29:54
2,81.78,0.60,60.22,Noroeste,2025-11-09T00:29:54
3,30.64,0.30,90.52,Sudeste,2025-11-09T00:29:54
4,31.40,0.24,10.09,Sudoeste,2025-11-09T00:29:54
1,48.91,1.18,69.95,Nordeste,2025-11-09T00:29:59
2,76.93,0.58,67.10,Noroeste,2025-11-09T00:29:59
3,34.00,0.15,98.14,Sudeste,2025-11-09T00:29:59
4,38.52,0.32,12.49,Sudoeste,2025-11-09T00:29:59
1,41.07,1.34,72.51,Nordeste,2025-11-09T00:30:04
2,84.42,0.79,64.39,Noroeste,2025-11-09T00:30:04
3,32.38,0.38,76.71,Sudeste,2025-11-09T00:30:04
4,33.18,0.48,11.15,Sudoeste,2025-11-09T00:30:04
1,45.13,1.38,97.22,Nordeste,2025-11-09T00:30:09
2,65.31,0.78,70.98,Noroeste,2025-11-09T00:30:09
3,30.02,0.12,99.00,Sudeste,2025-11-09T00:30:09
4,33.07,0.36,20.76,Sudoeste,2025-11-09T00:30:09
1,41.88,1.07,61.43,Nordeste,2025-11-09T00:30:14
2,80.22,0.63,71.50,Noroeste,2025-11-09T00:30:14
3,34.88,0.32,89.38,Sudeste,2025-11-09T00:30:14
4,38.62,0.25,9.75,Sudoeste,2025-11-09T00:30:14
1,40.62,1.14,63.00,Nordeste,2025-11-09T00:30:19
2,81.07,0.60,54.76,Noroeste,2025-11-09T00:30:19
3,32.96,0.19,77.99,Sudeste,2025-11-09T00:30:19
4,38.40,0.33,6.32,Sudoeste,2025-11-09T00:30:19
1,42.70,1.08,67.43,Nordeste,2025-11-09T00:30:24
2,75.54,0.71,71.45,Noroeste,2025-11-09T00:30:24
3,33.30,0.36,96.64,Sudeste,2025-11-09T00:30:24
4,35.80,0.59,6.03,Sudoeste,2025-11-09T00:30:24
1,46.64,1.39,93.21,Nordeste,2025-11-09T00:30:29
2,74.86,0.62,52.87,Noroeste,2025-11-09T00:30:29
3,30.73,0.18,74.00,Sudeste,2025-11-09T00:30:29
4,37.21,0.32,19.33,Sudoeste,2025-11-09T00:30:29
1,49.77,1.50,80.02,Nordeste,2025-11-09T00:30:34
2,73.50,0.73,68.01,Noroeste,2025-11-09T00:30:34
3,33.48,0.33,73.24,Sudeste,2025-11-09T00:30:34
4,35.04,0.34,6.61,Sudoeste,2025-11-09T00:30:34
1,45.30,1.25,78.11,Nordeste,2025-11-09T00:30:39
2,81.92,0.41,69.60,Noroeste,2025-11-09T00:30:39
3,33.18,0.21,92.01,Sudeste,2025-11-09T00:30:39
4,34.01,0.24,14.93,Sudoeste,2025-11-09T00:30:39
1,40.57,1.47,80.31,Nordeste,2025-11-09T00:30:44
2,77.75,0.53,54.01,Noroeste,2025-11-09T00:30:44
3,33.99,0.36,81.92,Sudeste,2025-11-09T00:30:44
4,37.91,0.29,11.45,Sudoeste,2025-11-09T00:30:44
1,44.08,1.19,98.01,Nordeste,2025-11-09T00:30:49
2,79.83,0.79,58.41,Noroeste,2025-11-09T00:30:49
3,33.03,0.38,94.29,Sudeste,2025-11-09T00:30:49
4,37.57,0.46,13.69,Sudoeste,2025-11-09T00:30:49
1,44.93,1.43,99.61,Nordeste,2025-11-09T00:30:54
2,71.08,0.51,79.16,Noroeste,2025-11-09T00:30:54
3,30.21,0.21,78.13,Sudeste,2025-11-09T00:30:54
4,39.54,0.56,10.43,Sudoeste,2025-11-09T00:30:54
1,43.56,1.20,98.87,Nordeste,2025-11-09T00:30:59
2,78.16,0.56,60.01,Noroeste,2025-11-09T00:30:59
3,31.58,0.23,76.35,Sudeste,2025-11-09T00:30:59
4,36.62,0.20,15.84,Sudoeste,2025-11-09T00:30:59
1,47.23,1.26,95.42,Nordeste,2025-11-09T00:31:04
2,81.25,0.42,59.22,Noroeste,2025-11-09T00:31:04
3,33.56,0.21,73.31,Sudeste,2025-11-09T00:31:04
4,32.67,0.37,9.90,Sudoeste,2025-11-09T00:31:04
1,46.06,1.44,77.20,Nordeste,2025-11-09T00:31:09
2,81.10,0.46,71.17,Noroeste,2025-11-09T00:31:09
3,33.60,0.19,81.00,Sudeste,2025-11-09T00:31:09
4,36.39,0.44,17.99,Sudoeste,2025-11-09T00:31:09
1,44.80,1.16,98.21,Nordeste,2025-11-09T00:31:14
2,75.14,0.57,52.11,Noroeste,2025-11-09T00:31:14
3,32.89,0.36,80.17,Sudeste,2025-11-09T00:31:14
4,34.78,0.42,19.89,Sudoeste,2025-11-09T00:31:14
1,42.38,1.22,66.99,Nordeste,2025-11-09T00:31:19
2,69.99,0.67,69.89,Noroeste,2025-11-09T00:31:19
3,31.08,0.38,81.27,Sudeste,2025-11-09T00:31:19
4,32.00,0.57,18.70,Sudoeste,2025-11-09T00:31:19
1,43.79,1.48,80.50,Nordeste,2025-11-09T00:31:24
2,66.48,0.48,69.06,Noroeste,2025-11-09T00:31:24
3,30.65,0.38,89.93,Sudeste,2025-11-09T00:31:24
4,34.12,0.27,23.03,Sudoeste,2025-11-09T00:31:24
1,42.83,1.12,81.29,Nordeste,2025-11-09T00:31:29
2,78.87,0.50,52.86,Noroeste,2025-11-09T00:31:29
3,31.56,0.37,72.87,Sudeste,2025-11-09T00:31:29
4,36.92,0.59,9.29,Sudoeste,2025-11-09T00:31:29
1,45.86,1.47,84.88,Nordeste,2025-11-09T00:31:34
2,79.95,0.52,69.43,Noroeste,2025-11-09T00:31:34
3,34.25,0.24,74.99,Sudeste,2025-11-09T00:31:34
4,37.46,0.59,19.39,Sudoeste,2025-11-09T00:31:34
1,49.82,1.49,94.51,Nordeste,2025-11-09T00:31:39
2,65.62,0.51,57.62,Noroeste,2025-11-09T00:31:39
3,30.70,0.29,84.59,Sudeste,2025-11-09T00:31:39
4,33.15,0.35,14.97,Sudoeste,2025-11-09T00:31:39
1,43.81,1.28,71.40,Nordeste,2025-11-09T00:31:44
2,83.84,0.80,67.32,Noroeste,2025-11-09T00:31:44
3,32.90,0.15,73.48,Sudeste,2025-11-09T00:31:44
4,30.48,0.46,24.95,Sudoeste,2025-11-09T00:31:44
1,49.46,1.47,96.83,Nordeste,2025-11-09T00:31:49
2,69.43,0.71,75.34,Noroeste,2025-11-09T00:31:49
3,33.10,0.11,90.34,Sudeste,2025-11-09T00:31:49
4,33.74,0.43,14.85,Sudoeste,2025-11-09T00:31:49
1,43.17,1.36,98.73,Nordeste,2025-11-09T00:31:54
2,75.35,0.64,52.00,Noroeste,2025-11-09T00:31:54
3,32.57,0.27,87.10,Sudeste,2025-11-09T00:31:54
4,31.57,0.28,18.33,Sudoeste,2025-11-09T00:31:54
1,44.46,1.27,79.44,Nordeste,2025-11-09T00:31:59
2,70.99,0.54,64.75,Noroeste,2025-11-09T00:31:59
3,34.36,0.35,83.49,Sudeste,2025-11-09T00:31:59
4,31.86,0.40,15.41,Sudoeste,2025-11-09T00:31:59
1,49.24,1.32,80.77,Nordeste,2025-11-09T00:32:04
2,66.03,0.51,68.57,Noroeste,2025-11-09T00:32:04
3,31.12,0.39,95.27,Sudeste,2025-11-09T00:32:04
4,37.00,0.53,16.58,Sudoeste,2025-11-09T00:32:04
1,44.18,1.28,79.62,Nordeste,2025-11-09T00:32:09
2,74.19,0.61,75.79,Noroeste,2025-11-09T00:32:09
3,31.81,0.39,73.64,Sudeste,2025-11-09T00:32:09
4,36.37,0.24,9.04,Sudoeste,2025-11-09T00:32:09
1,48.57,1.48,74.84,Nordeste,2025-11-09T00:32:14
2,73.32,0.56,61.73,Noroeste,2025-11-09T00:32:14
3,34.16,0.16,79.78,Sudeste,2025-11-09T00:32:14
4,31.54,0.35,10.05,Sudoeste,2025-11-09T00:32:14
1,46.54,1.03,83.30,Nordeste,2025-11-09T00:32:19
2,82.13,0.65,71.48,Noroeste,2025-11-09T00:32:19
3,32.70,0.25,71.47,Sudeste,2025-11-09T00:32:19
4,37.75,0.23,21.65,Sudoeste,2025-11-09T00:32:19
1,48.20,1.41,72.82,Nordeste,2025-11-09T00:32:24
2,81.61,0.45,66.91,Noroeste,2025-11-09T00:32:24
3,34.30,0.11,91.26,Sudeste,2025-11-09T00:32:24
4,37.61,0.37,13.54,Sudoeste,2025-11-09T00:32:24
1,46.36,1.05,64.05,Nordeste,2025-11-09T00:32:29
2,70.61,0.56,66.63,Noroeste,2025-11-09T00:32:29
3,30.52,0.25,87.96,Sudeste,2025-11-09T00:32:29
4,38.08,0.22,15.49,Sudoeste,2025-11-09T00:32:29
1,49.45,1.32,96.51,Nordeste,2025-11-09T00:32:34
2,66.44,0.46,67.32,Noroeste,2025-11-09T00:32:34
3,30.09,0.38,89.71,Sudeste,2025-11-09T00:32:34
4,38.17,0.20,7.79,Sudoeste,2025-11-09T00:32:34
1,49.17,1.03,98.30,Nordeste,2025-11-09T00:32:39
2,79.23,0.76,50.94,Noroeste,2025-11-09T00:32:39
3,33.02,0.10,75.50,Sudeste,2025-11-09T00:32:39
4,34.79,0.34,5.42,Sudoeste,2025-11-09T00:32:39
1,44.98,1.45,90.72,Nordeste,2025-11-09T00:32:44
2,68.79,0.59,78.71,Noroeste,2025-11-09T00:32:44
3,30.97,0.16,75.57,Sudeste,2025-11-09T00:32:44
4,36.84,0.33,21.79,Sudoeste,2025-11-09T00:32:44
1,43.83,1.27,94.12,Nordeste,2025-11-09T00:32:49
2,76.85,0.69,56.75,Noroeste,2025-11-09T00:32:49
3,33.48,0.12,98.30,Sudeste,2025-11-09T00:32:49
4,33.78,0.21,12.95,Sudoeste,2025-11-09T00:32:49
1,42.35,1.45,76.77,Nordeste,2025-11-09T00:32:54
2,76.06,0.74,72.72,Noroeste,2025-11-09T00:32:54
3,34.46,0.15,80.81,Sudeste,2025-11-09T00:32:54
4,38.64,0.48,11.94,Sudoeste,2025-11-09T00:32:54
1,42.20,1.25,84.15,Nordeste,2025-11-09T00:32:59
2,77.98,0.72,65.40,Noroeste,2025-11-09T00:32:59
3,30.05,0.37,70.11,Sudeste,2025-11-09T00:32:59
4,38.97,0.60,20.56,Sudoeste,2025-11-09T00:32:59
1,45.14,1.37,87.09,Nordeste,2025-11-09T00:33:04
2,69.44,0.75,52.10,Noroeste,2025-11-09T00:33:04
3,31.44,0.36,93.42,Sudeste,2025-11-09T00:33:04
4,38.75,0.29,7.68,Sudoeste,2025-11-09T00:33:04
1,45.93,1.13,77.40,Nordeste,2025-11-09T00:33:09
2,66.71,0.41,76.19,Noroeste,2025-11-09T00:33:09
3,31.26,0.17,82.45,Sudeste,2025-11-09T00:33:09
4,35.71,0.35,5.74,Sudoeste,2025-11-09T00:33:09
1,45.87,1.39,98.19,Nordeste,2025-11-09T00:33:14
2,83.28,0.61,68.04,Noroeste,2025-11-09T00:33:14
3,30.54,0.25,73.35,Sudeste,2025-11-09T00:33:14
4,37.64,0.54,19.15,Sudoeste,2025-11-09T00:33:14
1,46.36,1.19,90.95,Nordeste,2025-11-09T00:33:19
2,84.87,0.64,75.92,Noroeste,2025-11-09T00:33:19
3,32.03,0.19,94.89,Sudeste,2025-11-09T00:33:19
4,37.77,0.34,13.17,Sudoeste,2025-11-09T00:33:19
1,43.29,1.21,78.07,Nordeste,2025-11-09T00:33:24
2,77.76,0.42,56.41,Noroeste,2025-11-09T00:33:24
3,32.96,0.36,85.49,Sudeste,2025-11-09T00:33:24
4,35.43,0.37,23.38,Sudoeste,2025-11-09T00:33:24
1,42.66,1.04,83.02,Nordeste,2025-11-09T00:33:29
2,75.20,0.66,79.87,Noroeste,2025-11-09T00:33:29
3,32.53,0.35,96.33,Sudeste,2025-11-09T00:33:29
4,32.88,0.57,20.92,Sudoeste,2025-11-09T00:33:29
1,49.11,1.05,72.92,Nordeste,2025-11-09T00:33:34
2,71.94,0.49,67.16,Noroeste,2025-11-09T00:33:34
3,31.39,0.17,85.43,Sudeste,2025-11-09T00:33:34
4,39.77,0.48,9.61,Sudoeste,2025-11-09T00:33:34
1,45.25,1.19,85.87,Nordeste,2025-11-09T00:33:39
2,65.49,0.70,69.47,Noroeste,2025-11-09T00:33:39
3,33.01,0.37,71.75,Sudeste,2025-11-09T00:33:39
4,39.62,0.45,9.50,Sudoeste,2025-11-09T00:33:39
1,48.14,1.26,65.22,Nordeste,2025-11-09T00:33:44
2,72.84,0.72,70.94,Noroeste,2025-11-09T00:33:44
3,34.61,0.14,77.65,Sudeste,2025-11-09T00:33:44
4,36.17,0.37,15.56,Sudoeste,2025-11-09T00:33:44
1,43.32,1.46,81.52,Nordeste,2025-11-09T00:33:49
2,74.31,0.69,60.20,Noroeste,2025-11-09T00:33:49
3,31.11,0.18,86.38,Sudeste,2025-11-09T00:33:49
4,37.52,0.39,7.28,Sudoeste,2025-11-09T00:33:49
1,47.20,1.33,70.02,Nordeste,2025-11-09T00:33:54
2,69.29,0.51,78.97,Noroeste,2025-11-09T00:33:54
3,34.97,0.17,85.41,Sudeste,2025-11-09T00:33:54
4,38.12,0.28,13.67,Sudoeste,2025-11-09T00:33:54
1,40.83,1.26,98.43,Nordeste,2025-11-09T00:33:59
2,65.46,0.80,54.94,Noroeste,2025-11-09T00:33:59
3,30.34,0.18,73.27,Sudeste,2025-11-09T00:33:59
4,38.75,0.26,21.35,Sudoeste,2025-11-09T00:33:59
1,49.16,1.09,77.62,Nordeste,2025-11-09T00:34:04
2,79.04,0.69,73.15,Noroeste,2025-11-09T00:34:04
3,31.89,0.23,97.44,Sudeste,2025-11-09T00:34:04
4,34.85,0.51,17.67,Sudoeste,2025-11-09T00:34:04
1,41.77,1.42,62.75,Nordeste,2025-11-09T00:34:09
2,81.67,0.68,53.92,Noroeste,2025-11-09T00:34:09
3,33.59,0.33,70.40,Sudeste,2025-11-09T00:34:09
4,39.12,0.39,20.33,Sudoeste,2025-11-09T00:34:09
1,49.20,1.18,76.57,Nordeste,2025-11-09T00:34:14
2,75.84,0.67,54.57,Noroeste,2025-11-09T00:34:14
3,30.13,0.14,92.87,Sudeste,2025-11-09T00:34:14
4,34.63,0.33,9.64,Sudoeste,2025-11-09T00:34:14
1,48.86,1.44,78.63,Nordeste,2025-11-09T00:34:19
2,79.12,0.67,61.24,Noroeste,2025-11-09T00:34:19
3,33.85,0.18,88.99,Sudeste,2025-11-09T00:34:19
4,36.58,0.56,9.61,Sudoeste,2025-11-09T00:34:19
1,44.22,1.26,97.76,Nordeste,2025-11-09T00:34:24
2,79.60,0.65,56.30,Noroeste,2025-11-09T00:34:24
3,32.29,0.36,82.06,Sudeste,2025-11-09T00:34:24
4,31.16,0.31,5.41,Sudoeste,2025-11-09T00:34:24
1,42.47,1.25,92.83,Nordeste,2025-11-09T00:34:29
2,80.57,0.73,69.21,Noroeste,2025-11-09T00:34:29
3,30.82,0.14,89.92,Sudeste,2025-11-09T00:34:29
4,30.75,0.45,6.74,Sudoeste,2025-11-09T00:34:29
1,45.58,1.09,69.08,Nordeste,2025-11-09T00:34:34
2,79.70,0.47,71.55,Noroeste,2025-11-09T00:34:34
3,32.34,0.23,85.45,Sudeste,2025-11-09T00:34:34
4,34.72,0.33,11.10,Sudoeste,2025-11-09T00:34:34
1,48.15,1.32,77.79,Nordeste,2025-11-09T00:34:39
2,72.17,0.76,57.03,Noroeste,2025-11-09T00:34:39
3,30.38,0.11,73.95,Sudeste,2025-11-09T00:34:39
4,37.94,0.43,24.84,Sudoeste,2025-11-09T00:34:39
1,47.90,1.27,95.66,Nordeste,2025-11-09T00:34:44
2,67.51,0.62,52.41,Noroeste,2025-11-09T00:34:44
3,32.97,0.39,83.92,Sudeste,2025-11-09T00:34:44
4,36.47,0.51,22.83,Sudoeste,2025-11-09T00:34:44
1,42.70,1.10,74.04,Nordeste,2025-11-09T00:34:49
2,72.31,0.71,59.71,Noroeste,2025-11-09T00:34:49
3,31.93,0.13,88.77,Sudeste,2025-11-09T00:34:49
4,37.48,0.28,11.48,Sudoeste,2025-11-09T00:34:49
1,44.24,1.41,75.31,Nordeste,2025-11-09T00:34:54
2,65.28,0.61,54.60,Noroeste,2025-11-09T00:34:54
3,31.59,0.11,81.59,Sudeste,2025-11-09T00:34:54
4,36.70,0.23,9.87,Sudoeste,2025-11-09T00:34:54
1,44.35,1.37,80.42,Nordeste,2025-11-09T00:34:59
2,68.09,0.59,62.57,Noroeste,2025-11-09T00:34:59
3,32.05,0.22,74.02,Sudeste,2025-11-09T00:34:59
4,31.55,0.60,19.69,Sudoeste,2025-11-09T00:34:59
1,43.60,1.02,67.67,Nordeste,2025-11-09T00:35:04
2,70.66,0.59,57.90,Noroeste,2025-11-09T00:35:04
3,31.45,0.31,85.26,Sudeste,2025-11-09T00:35:04
4,31.58,0.50,22.89,Sudoeste,2025-11-09T00:35:04
1,47.70,1.18,76.87,Nordeste,2025-11-09T00:35:09
2,65.81,0.46,66.50,Noroeste,2025-11-09T00:35:09
3,30.74,0.18,94.13,Sudeste,2025-11-09T00:35:09
4,38.31,0.41,11.06,Sudoeste,2025-11-09T00:35:09
1,45.41,1.35,98.07,Nordeste,2025-11-09T00:35:14
2,67.48,0.75,77.74,Noroeste,2025-11-09T00:35:14
3,32.28,0.12,98.52,Sudeste,2025-11-09T00:35:14
4,39.24,0.53,16.80,Sudoeste,2025-11-09T00:35:14
1,40.13,1.14,66.69,Nordeste,2025-11-09T00:35:19
2,78.48,0.48,53.96,Noroeste,2025-11-09T00:35:19
3,34.98,0.39,71.71,Sudeste,2025-11-09T00:35:19
4,31.77,0.48,22.33,Sudoeste,2025-11-09T00:35:19
1,40.07,1.35,96.15,Nordeste,2025-11-09T00:35:24
2,71.43,0.51,63.16,Noroeste,2025-11-09T00:35:24
3,32.77,0.37,98.03,Sudeste,2025-11-09T00:35:24
4,35.66,0.35,18.39,Sudoeste,2025-11-09T00:35:24
1,46.57,1.16,94.14,Nordeste,2025-11-09T00:35:29
2,69.77,0.63,72.07,Noroeste,2025-11-09T00:35:29
3,33.92,0.39,93.82,Sudeste,2025-11-09T00:35:29
4,30.52,0.57,22.16,Sudoeste,2025-11-09T00:35:29
1,45.11,1.39,99.28,Nordeste,2025-11-09T00:35:34
2,75.27,0.49,70.79,Noroeste,2025-11-09T00:35:34
3,33.70,0.30,84.43,Sudeste,2025-11-09T00:35:34
4,37.66,0.44,12.69,Sudoeste,2025-11-09T00:35:34
1,41.13,1.40,98.04,Nordeste,2025-11-09T00:35:39
2,70.38,0.70,55.21,Noroeste,2025-11-09T00:35:39
3,32.94,0.35,80.07,Sudeste,2025-11-09T00:35:39
4,38.38,0.40,6.45,Sudoeste,2025-11-09T00:35:39
1,47.49,1.39,89.40,Nordeste,2025-11-09T00:35:44
2,83.83,0.60,56.93,Noroeste,2025-11-09T00:35:44
3,34.28,0.26,81.84,Sudeste,2025-11-09T00:35:44
4,32.46,0.23,14.65,Sudoeste,2025-11-09T00:35:44
1,40.19,1.23,85.20,Nordeste,2025-11-09T00:35:49
2,84.31,0.53,55.41,Noroeste,2025-11-09T00:35:49
3,32.18,0.23,77.00,Sudeste,2025-11-09T00:35:49
4,33.51,0.45,14.95,Sudoeste,2025-11-09T00:35:49
1,49.85,1.04,94.64,Nordeste,2025-11-09T00:35:54
2,76.10,0.80,53.16,Noroeste,2025-11-09T00:35:54
3,31.44,0.35,88.29,Sudeste,2025-11-09T00:35:54
4,38.75,0.35,17.54,Sudoeste,2025-11-09T00:35:54
1,42.09,1.33,66.05,Nordeste,2025-11-09T00:35:59
2,74.76,0.42,64.92,Noroeste,2025-11-09T00:35:59
3,34.35,0.12,74.57,Sudeste,2025-11-09T00:35:59
4,37.55,0.48,24.14,Sudoeste,2025-11-09T00:35:59
1,45.12,1.19,81.16,Nordeste,2025-11-09T00:36:04
2,76.70,0.54,52.57,Noroeste,2025-11-09T00:36:04
3,33.45,0.16,74.79,Sudeste,2025-11-09T00:36:04
4,30.42,0.30,23.52,Sudoeste,2025-11-09T00:36:04
1,42.38,1.19,70.15,Nordeste,2025-11-09T00:36:09
2,84.79,0.65,69.40,Noroeste,2025-11-09T00:36:09
3,31.74,0.28,75.16,Sudeste,2025-11-09T00:36:09
4,37.23,0.32,23.40,Sudoeste,2025-11-09T00:36:09
1,49.27,1.08,77.86,Nordeste,2025-11-09T00:36:14
2,78.92,0.73,75.83,Noroeste,2025-11-09T00:36:14
3,34.64,0.31,79.24,Sudeste,2025-11-09T00:36:14
4,38.92,0.45,13.17,Sudoeste,2025-11-09T00:36:14
1,43.19,1.04,86.17,Nordeste,2025-11-09T00:36:19
2,84.86,0.74,53.42,Noroeste,2025-11-09T00:36:19
3,32.49,0.22,94.26,Sudeste,2025-11-09T00:36:19
4,33.13,0.51,14.28,Sudoeste,2025-11-09T00:36:19
1,46.55,1.42,69.19,Nordeste,2025-11-09T00:36:24
2,73.83,0.44,56.40,Noroeste,2025-11-09T00:36:24
3,34.43,0.16,98.92,Sudeste,2025-11-09T00:36:24
4,33.45,0.54,20.22,Sudoeste,2025-11-09T00:36:24
1,43.47,1.47,86.04,Nordeste,2025-11-09T00:36:29
2,69.51,0.48,70.05,Noroeste,2025-11-09T00:36:29
3,31.71,0.16,91.53,Sudeste,2025-11-09T00:36:29
4,34.76,0.57,10.71,Sudoeste,2025-11-09T00:36:29
1,48.35,1.04,61.22,Nordeste,2025-11-09T00:36:34
2,79.04,0.75,76.44,Noroeste,2025-11-09T00:36:34
3,32.94,0.14,96.81,Sudeste,2025-11-09T00:36:34
4,34.63,0.50,19.11,Sudoeste,2025-11-09T00:36:34
1,41.62,1.31,97.55,Nordeste,2025-11-09T00:36:39
2,66.15,0.63,79.37,Noroeste,2025-11-09T00:36:39
3,32.27,0.19,85.12,Sudeste,2025-11-09T00:36:39
4,36.58,0.59,5.17,Sudoeste,2025-11-09T00:36:39
1,44.15,1.13,66.00,Nordeste,2025-11-09T00:36:44
2,82.43,0.69,74.75,Noroeste,2025-11-09T00:36:44
3,31.76,0.28,74.13,Sudeste,2025-11-09T00:36:44
4,39.21,0.30,12.68,Sudoeste,2025-11-09T00:36:44
1,42.90,1.25,70.07,Nordeste,2025-11-09T00:36:49
2,69.69,0.50,71.70,Noroeste,2025-11-09T00:36:49
3,33.39,0.28,82.42,Sudeste,2025-11-09T00:36:49
4,32.24,0.54,23.89,Sudoeste,2025-11-09T00:36:49
1,47.95,1.16,89.92,Nordeste,2025-11-09T00:36:54
2,78.36,0.60,63.68,Noroeste,2025-11-09T00:36:54
3,32.15,0.34,74.96,Sudeste,2025-11-09T00:36:54
4,35.13,0.33,5.30,Sudoeste,2025-11-09T00:36:54
1,46.44,1.40,89.99,Nordeste,2025-11-09T00:36:59
2,74.97,0.41,66.26,Noroeste,2025-11-09T00:36:59
3,32.01,0.18,96.95,Sudeste,2025-11-09T00:36:59
4,37.77,0.27,22.02,Sudoeste,2025-11-09T00:36:59
1,42.59,1.19,92.35,Nordeste,2025-11-09T00:37:04
2,67.71,0.61,64.72,Noroeste,2025-11-09T00:37:04
3,34.29,0.28,78.97,Sudeste,2025-11-09T00:37:04
4,34.41,0.51,7.07,Sudoeste,2025-11-09T00:37:04
1,49.19,1.22,70.40,Nordeste,2025-11-09T00:37:09
2,73.98,0.74,58.70,Noroeste,2025-11-09T00:37:09
3,34.40,0.40,99.33,Sudeste,2025-11-09T00:37:09
4,30.16,0.40,21.22,Sudoeste,2025-11-09T00:37:09
1,43.87,1.38,82.21,Nordeste,2025-11-09T00:37:14
2,70.09,0.44,50.93,Noroeste,2025-11-09T00:37:14
3,32.89,0.11,84.84,Sudeste,2025-11-09T00:37:14
4,37.19,0.59,24.42,Sudoeste,2025-11-09T00:37:14
1,48.74,1.08,93.39,Nordeste,2025-11-09T00:37:19
2,70.54,0.53,66.31,Noroeste,2025-11-09T00:37:19
3,30.42,0.18,92.43,Sudeste,2025-11-09T00:37:19
4,34.24,0.43,21.57,Sudoeste,2025-11-09T00:37:19
1,42.83,1.20,97.78,Nordeste,2025-11-09T00:37:24
2,82.42,0.64,54.34,Noroeste,2025-11-09T00:37:24
3,34.31,0.12,85.50,Sudeste,2025-11-09T00:37:24
4,39.70,0.46,10.96,Sudoeste,2025-11-09T00:37:24
1,41.57,1.15,84.83,Nordeste,2025-11-09T00:37:29
2,74.87,0.52,66.29,Noroeste,2025-11-09T00:37:29
3,32.15,0.11,98.89,Sudeste,2025-11-09T00:37:29
4,35.48,0.49,18.61,Sudoeste,2025-11-09T00:37:29
1,44.33,1.04,82.87,Nordeste,2025-11-09T00:37:34
2,78.61,0.43,59.17,Noroeste,2025-11-09T00:37:34
3,30.09,0.23,93.08,Sudeste,2025-11-09T00:37:34
4,38.65,0.41,23.29,Sudoeste,2025-11-09T00:37:34
1,49.76,1.41,75.45,Nordeste,2025-11-09T00:37:39
2,68.36,0.56,56.36,Noroeste,2025-11-09T00:37:39
3,33.72,0.14,92.03,Sudeste,2025-11-09T00:37:39
4,37.12,0.53,23.63,Sudoeste,2025-11-09T00:37:39
1,44.46,1.47,93.90,Nordeste,2025-11-09T00:37:44
2,80.47,0.61,66.81,Noroeste,2025-11-09T00:37:44
3,31.67,0.11,97.53,Sudeste,2025-11-09T00:37:44
4,38.29,0.44,8.41,Sudoeste,2025-11-09T00:37:44
1,46.45,1.06,96.44,Nordeste,2025-11-09T00:37:49
2,72.01,0.60,57.89,Noroeste,2025-11-09T00:37:49
3,34.16,0.37,72.74,Sudeste,2025-11-09T00:37:49
4,34.96,0.25,15.58,Sudoeste,2025-11-09T00:37:49
1,45.95,1.07,79.34,Nordeste,2025-11-09T00:37:54
2,83.40,0.75,62.18,Noroeste,2025-11-09T00:37:54
3,34.05,0.32,72.43,Sudeste,2025-11-09T00:37:54
4,33.64,0.43,13.23,Sudoeste,2025-11-09T00:37:54
1,46.38,1.16,80.40,Nordeste,2025-11-09T00:37:59
2,71.97,0.57,50.50,Noroeste,2025-11-09T00:37:59
3,30.30,0.11,88.00,Sudeste,2025-11-09T00:37:59
4,30.37,0.54,11.01,Sudoeste,2025-11-09T00:37:59
1,43.81,1.16,82.11,Nordeste,2025-11-09T00:38:04
2,67.99,0.63,63.13,Noroeste,2025-11-09T00:38:04
3,30.17,0.22,88.62,Sudeste,2025-11-09T00:38:04
4,35.11,0.45,17.21,Sudoeste,2025-11-09T00:38:04
1,48.13,1.26,85.65,Nordeste,2025-11-09T00:38:09
2,74.01,0.46,78.63,Noroeste,2025-11-09T00:38:09
3,32.00,0.14,83.70,Sudeste,2025-11-09T00:38:09
4,32.13,0.50,12.05,Sudoeste,2025-11-09T00:38:09
1,48.12,1.08,63.52,Nordeste,2025-11-09T00:38:14
2,66.68,0.75,64.17,Noroeste,2025-11-09T00:38:14
3,34.17,0.24,88.15,Sudeste,2025-11-09T00:38:14
4,35.54,0.25,9.23,Sudoeste,2025-11-09T00:38:14
1,49.15,1.01,62.23,Nordeste,2025-11-09T00:38:19
2,75.50,0.57,53.93,Noroeste,2025-11-09T00:38:19
3,33.54,0.37,79.08,Sudeste,2025-11-09T00:38:19
4,37.21,0.38,10.16,Sudoeste,2025-11-09T00:38:19
1,49.58,1.09,75.58,Nordeste,2025-11-09T00:38:24
2,65.21,0.71,71.25,Noroeste,2025-11-09T00:38:24
3,33.20,0.32,86.83,Sudeste,2025-11-09T00:38:24
4,35.20,0.22,18.47,Sudoeste,2025-11-09T00:38:24
1,42.44,1.17,60.09,Nordeste,2025-11-09T00:38:29
2,78.27,0.62,78.94,Noroeste,2025-11-09T00:38:29
3,31.71,0.13,94.90,Sudeste,2025-11-09T00:38:29
4,33.51,0.31,17.58,Sudoeste,2025-11-09T00:38:29
1,49.86,1.34,75.40,Nordeste,2025-11-09T00:38:34
2,71.41,0.41,74.54,Noroeste,2025-11-09T00:38:34
3,34.19,0.36,72.68,Sudeste,2025-11-09T00:38:34
4,33.15,0.59,17.03,Sudoeste,2025-11-09T00:38:34
1,40.28,1.33,91.74,Nordeste,2025-11-09T00:38:39
2,75.91,0.43,78.94,Noroeste,2025-11-09T00:38:39
3,31.44,0.39,94.34,Sudeste,2025-11-09T00:38:39
4,36.29,0.57,6.00,Sudoeste,2025-11-09T00:38:39
1,42.74,1.47,70.23,Nordeste,2025-11-09T00:38:44
2,82.98,0.69,71.12,Noroeste,2025-11-09T00:38:44
3,34.70,0.13,77.48,Sudeste,2025-11-09T00:38:44
4,31.62,0.26,20.30,Sudoeste,2025-11-09T00:38:44
1,43.11,1.37,74.14,Nordeste,2025-11-09T00:38:49
2,65.87,0.78,62.46,Noroeste,2025-11-09T00:38:49
3,32.62,0.17,84.43,Sudeste,2025-11-09T00:38:49
4,30.77,0.23,5.65,Sudoeste,2025-11-09T00:38:49
1,46.69,1.35,64.70,Nordeste,2025-11-09T00:38:54
2,77.86,0.64,53.08,Noroeste,2025-11-09T00:38:54
3,31.34,0.21,98.14,Sudeste,2025-11-09T00:38:54
4,33.62,0.25,18.00,Sudoeste,2025-11-09T00:38:54
1,46.58,1.10,69.50,Nordeste,2025-11-09T00:38:59
2,71.94,0.63,54.54,Noroeste,2025-11-09T00:38:59
3,31.38,0.21,94.38,Sudeste,2025-11-09T00:38:59
4,38.92,0.47,19.73,Sudoeste,2025-11-09T00:38:59
1,47.03,1.05,75.23,Nordeste,2025-11-09T00:39:04
2,82.21,0.60,64.95,Noroeste,2025-11-09T00:39:04
3,32.75,0.26,82.23,Sudeste,2025-11-09T00:39:04
4,32.83,0.43,7.20,Sudoeste,2025-11-09T00:39:04
1,44.20,1.10,75.73,Nordeste,2025-11-09T00:39:09
2,81.22,0.61,55.17,Noroeste,2025-11-09T00:39:09
3,34.38,0.13,79.29,Sudeste,2025-11-09T00:39:09
4,33.22,0.32,10.55,Sudoeste,2025-11-09T00:39:09
1,40.90,1.50,60.43,Nordeste,2025-11-09T00:39:14
2,70.07,0.49,64.44,Noroeste,2025-11-09T00:39:14
3,33.94,0.33,89.88,Sudeste,2025-11-09T00:39:14
4,30.36,0.26,23.16,Sudoeste,2025-11-09T00:39:14
1,44.80,1.35,97.96,Nordeste,2025-11-09T00:39:19
2,66.15,0.76,51.10,Noroeste,2025-11-09T00:39:19
3,30.53,0.22,87.86,Sudeste,2025-11-09T00:39:19
4,31.82,0.53,14.07,Sudoeste,2025-11-09T00:39:19
1,45.32,1.49,67.12,Nordeste,2025-11-09T00:39:24
2,65.71,0.61,56.57,Noroeste,2025-11-09T00:39:24
3,31.37,0.11,82.97,Sudeste,2025-11-09T00:39:24
4,38.72,0.58,23.36,Sudoeste,2025-11-09T00:39:24
1,49.50,1.11,68.13,Nordeste,2025-11-09T00:39:29
2,65.08,0.48,73.24,Noroeste,2025-11-09T00:39:29
3,30.76,0.28,76.73,Sudeste,2025-11-09T00:39:29
4,30.07,0.29,13.78,Sudoeste,2025-11-09T00:39:29
1,44.51,1.30,85.69,Nordeste,2025-11-09T00:39:34
2,67.71,0.67,62.95,Noroeste,2025-11-09T00:39:34
3,32.13,0.12,85.42,Sudeste,2025-11-09T00:39:34
4,36.43,0.36,23.28,Sudoeste,2025-11-09T00:39:34
1,44.31,1.14,84.10,Nordeste,2025-11-09T00:39:39
2,73.91,0.41,61.50,Noroeste,2025-11-09T00:39:39
3,30.92,0.20,70.80,Sudeste,2025-11-09T00:39:39
4,34.32,0.39,11.28,Sudoeste,2025-11-09T00:39:39
1,43.93,1.22,96.50,Nordeste,2025-11-09T00:39:44
2,74.56,0.44,62.40,Noroeste,2025-11-09T00:39:44
3,32.56,0.21,71.20,Sudeste,2025-11-09T00:39:44
4,32.99,0.38,22.36,Sudoeste,2025-11-09T00:39:44
1,45.12,1.06,72.28,Nordeste,2025-11-09T00:39:49
2,73.44,0.63,58.84,Noroeste,2025-11-09T00:39:49
3,31.80,0.11,70.11,Sudeste,2025-11-09T00:39:49
4,31.23,0.41,9.21,Sudoeste,2025-11-09T00:39:49
1,40.97,1.43,63.75,Nordeste,2025-11-09T00:39:54
2,71.28,0.69,61.90,Noroeste,2025-11-09T00:39:54
3,30.66,0.32,70.62,Sudeste,2025-11-09T00:39:54
4,38.01,0.59,18.79,Sudoeste,2025-11-09T00:39:54
1,46.86,1.15,67.90,Nordeste,2025-11-09T00:39:59
2,76.83,0.74,71.31,Noroeste,2025-11-09T00:39:59
3,34.78,0.11,87.05,Sudeste,2025-11-09T00:39:59
4,36.26,0.46,10.77,Sudoeste,2025-11-09T00:39:59
1,46.36,1.35,68.31,Nordeste,2025-11-09T00:40:04
2,68.48,0.52,52.80,Noroeste,2025-11-09T00:40:04
3,33.29,0.19,76.46,Sudeste,2025-11-09T00:40:04
4,38.12,0.43,17.32,Sudoeste,2025-11-09T00:40:04
1,47.46,1.20,99.59,Nordeste,2025-11-09T00:40:09
2,83.15,0.43,60.06,Noroeste,2025-11-09T00:40:09
3,34.76,0.29,94.90,Sudeste,2025-11-09T00:40:09
4,34.81,0.33,10.04,Sudoeste,2025-11-09T00:40:09
1,49.29,1.17,60.26,Nordeste,2025-11-09T00:40:14
2,67.74,0.55,65.63,Noroeste,2025-11-09T00:40:14
3,31.61,0.27,90.52,Sudeste,2025-11-09T00:40:14
4,30.29,0.42,8.38,Sudoeste,2025-11-09T00:40:14
1,41.94,1.41,80.53,Nordeste,2025-11-09T00:40:19
2,65.34,0.75,67.08,Noroeste,2025-11-09T00:40:19
3,32.59,0.26,90.44,Sudeste,2025-11-09T00:40:19
4,33.92,0.54,13.89,Sudoeste,2025-11-09T00:40:19
1,49.59,1.11,79.42,Nordeste,2025-11-09T00:40:24
2,79.09,0.67,75.66,Noroeste,2025-11-09T00:40:24
3,30.68,0.15,76.92,Sudeste,2025-11-09T00:40:24
4,33.07,0.27,9.22,Sudoeste,2025-11-09T00:40:24
1,48.95,1.21,72.52,Nordeste,2025-11-09T00:40:29
2,83.88,0.41,71.02,Noroeste,2025-11-09T00:40:29
3,34.28,0.15,86.70,Sudeste,2025-11-09T00:40:29
4,34.97,0.27,23.98,Sudoeste,2025-11-09T00:40:29
1,41.98,1.03,68.63,Nordeste,2025-11-09T00:40:34
2,71.57,0.50,55.23,Noroeste,2025-11-09T00:40:34
3,32.82,0.18,78.03,Sudeste,2025-11-09T00:40:34
4,38.78,0.34,20.90,Sudoeste,2025-11-09T00:40:34
1,47.92,1.18,88.85,Nordeste,2025-11-09T00:40:39
2,67.87,0.54,68.89,Noroeste,2025-11-09T00:40:39
3,31.65,0.24,78.90,Sudeste,2025-11-09T00:40:39
4,34.24,0.26,20.05,Sudoeste,2025-11-09T00:40:39
1,40.97,1.16,62.80,Nordeste,2025-11-09T00:40:44
2,72.92,0.67,60.64,Noroeste,2025-11-09T00:40:44
3,33.34,0.18,79.88,Sudeste,2025-11-09T00:40:44
4,39.64,0.41,7.10,Sudoeste,2025-11-09T00:40:44
1,45.81,1.30,96.67,Nordeste,2025-11-09T00:40:49
2,71.05,0.67,61.78,Noroeste,2025-11-09T00:40:49
3,33.55,0.13,75.88,Sudeste,2025-11-09T00:40:49
4,36.56,0.54,14.16,Sudoeste,2025-11-09T00:40:49
1,46.14,1.12,99.44,Nordeste,2025-11-09T00:40:54
2,74.85,0.78,69.61,Noroeste,2025-11-09T00:40:54
3,32.74,0.33,87.39,Sudeste,2025-11-09T00:40:54
4,37.33,0.41,23.05,Sudoeste,2025-11-09T00:40:54
1,47.59,1.05,94.04,Nordeste,2025-11-09T00:40:59
2,79.59,0.60,73.41,Noroeste,2025-11-09T00:40:59
3,31.11,0.25,84.18,Sudeste,2025-11-09T00:40:59
4,37.06,0.53,20.76,Sudoeste,2025-11-09T00:40:59
1,40.67,1.28,97.75,Nordeste,2025-11-09T00:41:04
2,83.31,0.57,71.22,Noroeste,2025-11-09T00:41:04
3,30.33,0.25,82.30,Sudeste,2025-11-09T00:41:04
4,37.93,0.50,16.80,Sudoeste,2025-11-09T00:41:04
1,46.73,1.21,94.30,Nordeste,2025-11-09T00:41:09
2,65.60,0.47,59.62,Noroeste,2025-11-09T00:41:09
3,30.45,0.13,78.47,Sudeste,2025-11-09T00:41:09
4,32.08,0.42,7.68,Sudoeste,2025-11-09T00:41:09
1,42.11,1.37,85.40,Nordeste,2025-11-09T00:41:14
2,79.82,0.64,52.09,Noroeste,2025-11-09T00:41:14
3,34.48,0.29,80.95,Sudeste,2025-11-09T00:41:14
4,32.24,0.38,19.68,Sudoeste,2025-11-09T00:41:14
1,44.93,1.43,63.08,Nordeste,2025-11-09T00:41:19
2,83.08,0.77,61.95,Noroeste,2025-11-09T00:41:19
3,33.48,0.17,97.04,Sudeste,2025-11-09T00:41:19
4,33.57,0.40,22.78,Sudoeste,2025-11-09T00:41:19
1,44.49,1.26,80.75,Nordeste,2025-11-09T00:41:24
2,73.40,0.42,59.68,Noroeste,2025-11-09T00:41:24
3,32.43,0.15,85.07,Sudeste,2025-11-09T00:41:24
4,32.47,0.47,14.50,Sudoeste,2025-11-09T00:41:24
1,42.06,1.11,62.40,Nordeste,2025-11-09T00:41:29
2,75.53,0.56,66.75,Noroeste,2025-11-09T00:41:29
3,32.47,0.21,93.51,Sudeste,2025-11-09T00:41:29
4,34.96,0.24,15.35,Sudoeste,2025-11-09T00:41:29
1,42.05,1.33,62.22,Nordeste,2025-11-09T00:41:34
2,65.40,0.41,53.19,Noroeste,2025-11-09T00:41:34
3,34.06,0.21,84.50,Sudeste,2025-11-09T00:41:34
4,34.90,0.52,20.60,Sudoeste,2025-11-09T00:41:34
1,40.47,1.19,97.99,Nordeste,2025-11-09T00:41:39
2,69.28,0.78,52.92,Noroeste,2025-11-09T00:41:39
3,30.08,0.14,79.30,Sudeste,2025-11-09T00:41:39
4,38.86,0.55,24.58,Sudoeste,2025-11-09T00:41:39
1,46.40,1.47,88.57,Nordeste,2025-11-09T00:41:44
2,71.27,0.61,68.49,Noroeste,2025-11-09T00:41:44
3,34.42,0.37,84.40,Sudeste,2025-11-09T00:41:44
4,34.36,0.52,22.86,Sudoeste,2025-11-09T00:41:44
1,41.02,1.14,64.74,Nordeste,2025-11-09T00:41:49
2,66.38,0.41,69.90,Noroeste,2025-11-09T00:41:49
3,31.48,0.28,78.39,Sudeste,2025-11-09T00:41:49
4,33.30,0.29,11.10,Sudoeste,2025-11-09T00:41:49
1,46.24,1.20,74.13,Nordeste,2025-11-09T00:41:54
2,84.56,0.55,55.61,Noroeste,2025-11-09T00:41:54
3,32.10,0.14,90.55,Sudeste,2025-11-09T00:41:54
4,32.49,0.21,17.87,Sudoeste,2025-11-09T00:41:54
1,45.46,1.27,95.90,Nordeste,2025-11-09T00:41:59
2,65.58,0.80,77.02,Noroeste,2025-11-09T00:41:59
3,34.44,0.31,94.20,Sudeste,2025-11-09T00:41:59
4,35.92,0.24,9.28,Sudoeste,2025-11-09T00:41:59
1,42.52,1.44,96.58,Nordeste,2025-11-09T00:42:04
2,74.13,0.41,68.52,Noroeste,2025-11-09T00:42:04
3,33.12,0.32,97.35,Sudeste,2025-11-09T00:42:04
4,34.64,0.40,24.67,Sudoeste,2025-11-09T00:42:04
1,45.65,1.15,64.44,Nordeste,2025-11-09T00:42:09
2,67.02,0.65,57.14,Noroeste,2025-11-09T00:42:09
3,34.89,0.38,72.11,Sudeste,2025-11-09T00:42:09
4,33.16,0.50,5.04,Sudoeste,2025-11-09T00:42:09
1,47.51,1.35,62.12,Nordeste,2025-11-09T00:42:14
2,81.58,0.54,57.38,Noroeste,2025-11-09T00:42:14
3,32.29,0.25,89.67,Sudeste,2025-11-09T00:42:14
4,31.38,0.23,18.83,Sudoeste,2025-11-09T00:42:14
1,41.40,1.48,79.55,Nordeste,2025-11-09T00:42:19
2,80.33,0.48,74.14,Noroeste,2025-11-09T00:42:19
3,34.63,0.12,73.58,Sudeste,2025-11-09T00:42:19
4,39.86,0.23,7.23,Sudoeste,2025-11-09T00:42:19
1,41.89,1.07,93.54,Nordeste,2025-11-09T00:42:24
2,74.47,0.44,68.25,Noroeste,2025-11-09T00:42:24
3,30.85,0.37,77.69,Sudeste,2025-11-09T00:42:24
4,31.09,0.27,10.29,Sudoeste,2025-11-09T00:42:24
1,47.96,1.05,82.75,Nordeste,2025-11-09T00:42:29
2,82.84,0.68,79.59,Noroeste,2025-11-09T00:42:29
3,31.03,0.16,99.65,Sudeste,2025-11-09T00:42:29
4,39.76,0.21,11.76,Sudoeste,2025-11-09T00:42:29
1,47.95,1.05,99.93,Nordeste,2025-11-09T00:42:34
2,81.50,0.43,75.03,Noroeste,2025-11-09T00:42:34
3,34.48,0.18,96.68,Sudeste,2025-11-09T00:42:34
4,30.12,0.39,6.59,Sudoeste,2025-11-09T00:42:34
1,40.73,1.14,75.32,Nordeste,2025-11-09T00:42:39
2,78.56,0.68,55.39,Noroeste,2025-11-09T00:42:39
3,34.84,0.21,76.61,Sudeste,2025-11-09T00:42:39
4,31.34,0.37,18.62,Sudoeste,2025-11-09T00:42:39
1,42.32,1.35,79.79,Nordeste,2025-11-09T00:42:44
2,78.94,0.74,71.19,Noroeste,2025-11-09T00:42:44
3,34.71,0.17,84.95,Sudeste,2025-11-09T00:42:44
4,36.09,0.28,11.74,Sudoeste,2025-11-09T00:42:44
1,42.44,1.36,76.62,Nordeste,2025-11-09T00:42:49
2,77.18,0.54,71.93,Noroeste,2025-11-09T00:42:49
3,32.28,0.18,81.64,Sudeste,2025-11-09T00:42:49
4,32.29,0.41,11.42,Sudoeste,2025-11-09T00:42:49
1,43.45,1.03,74.35,Nordeste,2025-11-09T00:42:54
2,79.78,0.44,61.32,Noroeste,2025-11-09T00:42:54
3,32.16,0.34,86.04,Sudeste,2025-11-09T00:42:54
4,30.60,0.41,9.09,Sudoeste,2025-11-09T00:42:54
1,41.62,1.08,69.85,Nordeste,2025-11-09T00:42:59
2,69.27,0.63,58.05,Noroeste,2025-11-09T00:42:59
3,34.60,0.28,90.67,Sudeste,2025-11-09T00:42:59
4,31.37,0.46,24.44,Sudoeste,2025-11-09T00:42:59
1,46.48,1.11,94.80,Nordeste,2025-11-09T00:43:04
2,75.40,0.46,74.62,Noroeste,2025-11-09T00:43:04
3,33.17,0.14,99.83,Sudeste,2025-11-09T00:43:04
4,35.69,0.38,23.26,Sudoeste,2025-11-09T00:43:04
1,45.97,1.16,79.00,Nordeste,2025-11-09T00:43:09
2,75.26,0.60,56.68,Noroeste,2025-11-09T00:43:09
3,33.76,0.11,71.96,Sudeste,2025-11-09T00:43:09
4,36.47,0.29,17.88,Sudoeste,2025-11-09T00:43:09
1,46.27,1.29,64.73,Nordeste,2025-11-09T00:43:14
2,84.69,0.42,69.23,Noroeste,2025-11-09T00:43:14
3,30.75,0.36,95.70,Sudeste,2025-11-09T00:43:14
4,38.80,0.24,21.44,Sudoeste,2025-11-09T00:43:14
1,44.67,1.37,84.33,Nordeste,2025-11-09T00:43:19
2,80.16,0.60,71.54,Noroeste,2025-11-09T00:43:19
3,34.47,0.30,87.70,Sudeste,2025-11-09T00:43:19
4,30.94,0.44,18.24,Sudoeste,2025-11-09T00:43:19
1,47.17,1.36,80.76,Nordeste,2025-11-09T00:43:24
2,66.46,0.73,67.58,Noroeste,2025-11-09T00:43:24
3,31.02,0.14,96.92,Sudeste,2025-11-09T00:43:24
4,35.79,0.21,13.01,Sudoeste,2025-11-09T00:43:24
1,49.83,1.24,85.76,Nordeste,2025-11-09T00:43:29
2,65.69,0.77,53.08,Noroeste,2025-11-09T00:43:29
3,30.86,0.33,86.10,Sudeste,2025-11-09T00:43:29
4,39.65,0.23,13.13,Sudoeste,2025-11-09T00:43:29
1,45.12,1.36,63.61,Nordeste,2025-11-09T00:43:34
2,80.81,0.63,56.87,Noroeste,2025-11-09T00:43:34
3,33.49,0.33,72.57,Sudeste,2025-11-09T00:43:34
4,34.03,0.50,9.02,Sudoeste,2025-11-09T00:43:34
1,47.01,1.49,91.92,Nordeste,2025-11-09T00:43:39
2,69.55,0.68,65.60,Noroeste,2025-11-09T00:43:39
3,34.15,0.19,75.17,Sudeste,2025-11-09T00:43:39
4,33.70,0.25,7.07,Sudoeste,2025-11-09T00:43:39
1,47.59,1.03,86.25,Nordeste,2025-11-09T00:43:44
2,82.06,0.60,71.96,Noroeste,2025-11-09T00:43:44
3,30.53,0.32,99.65,Sudeste,2025-11-09T00:43:44
4,38.20,0.48,9.84,Sudoeste,2025-11-09T00:43:44
1,46.36,1.33,71.96,Nordeste,2025-11-09T00:43:49
2,81.92,0.71,57.54,Noroeste,2025-11-09T00:43:49
3,34.16,0.26,92.91,Sudeste,2025-11-09T00:43:49
4,36.32,0.47,13.70,Sudoeste,2025-11-09T00:43:49
1,42.39,1.01,96.68,Nordeste,2025-11-09T00:43:54
2,65.80,0.57,61.33,Noroeste,2025-11-09T00:43:54
3,30.63,0.13,90.38,Sudeste,2025-11-09T00:43:54
4,39.30,0.56,6.37,Sudoeste,2025-11-09T00:43:54
1,41.86,1.20,97.01,Nordeste,2025-11-09T00:43:59
2,76.63,0.69,58.52,Noroeste,2025-11-09T00:43:59
3,30.81,0.23,83.97,Sudeste,2025-11-09T00:43:59
4,30.02,0.59,6.69,Sudoeste,2025-11-09T00:43:59
1,49.12,1.33,60.83,Nordeste,2025-11-09T00:44:04
2,69.10,0.75,52.39,Noroeste,2025-11-09T00:44:04
3,32.75,0.40,92.59,Sudeste,2025-11-09T00:44:04
4,33.25,0.57,22.27,Sudoeste,2025-11-09T00:44:04
1,41.97,1.43,83.61,Nordeste,2025-11-09T00:44:09
2,66.09,0.47,75.26,Noroeste,2025-11-09T00:44:09
3,30.24,0.15,89.16,Sudeste,2025-11-09T00:44:09
4,35.18,0.58,15.26,Sudoeste,2025-11-09T00:44:09
1,46.42,1.18,83.23,Nordeste,2025-11-09T00:44:14
2,80.57,0.71,56.77,Noroeste,2025-11-09T00:44:14
3,31.28,0.19,81.22,Sudeste,2025-11-09T00:44:14
4,36.69,0.35,19.70,Sudoeste,2025-11-09T00:44:14
1,43.59,1.16,72.55,Nordeste,2025-11-09T00:44:19
2,79.06,0.57,53.44,Noroeste,2025-11-09T00:44:19
3,34.15,0.13,91.57,Sudeste,2025-11-09T00:44:19
4,34.79,0.47,8.82,Sudoeste,2025-11-09T00:44:19
1,47.19,1.06,74.17,Nordeste,2025-11-09T00:44:24
2,66.73,0.44,68.33,Noroeste,2025-11-09T00:44:24
3,31.10,0.37,95.78,Sudeste,2025-11-09T00:44:24
4,39.12,0.34,11.25,Sudoeste,2025-11-09T00:44:24
1,40.68,1.01,76.74,Nordeste,2025-11-09T00:44:29
2,77.27,0.78,60.82,Noroeste,2025-11-09T00:44:29
3,34.97,0.33,76.50,Sudeste,2025-11-09T00:44:29
4,36.67,0.23,7.94,Sudoeste,2025-11-09T00:44:29
1,40.33,1.21,79.03,Nordeste,2025-11-09T00:44:34
2,66.02,0.47,71.42,Noroeste,2025-11-09T00:44:34
3,30.10,0.20,78.92,Sudeste,2025-11-09T00:44:34
4,36.11,0.22,20.47,Sudoeste,2025-11-09T00:44:34
1,41.07,1.40,90.18,Nordeste,2025-11-09T00:44:39
2,67.02,0.51,51.14,Noroeste,2025-11-09T00:44:39
3,34.00,0.34,94.75,Sudeste,2025-11-09T00:44:39
4,38.82,0.45,14.64,Sudoeste,2025-11-09T00:44:39
1,42.64,1.47,84.58,Nordeste,2025-11-09T00:44:44
2,81.00,0.71,74.27,Noroeste,2025-11-09T00:44:44
3,33.61,0.17,99.72,Sudeste,2025-11-09T00:44:44
4,31.10,0.34,18.47,Sudoeste,2025-11-09T00:44:44
1,48.96,1.03,73.56,Nordeste,2025-11-09T00:44:49
2,69.83,0.52,78.60,Noroeste,2025-11-09T00:44:49
3,33.27,0.38,84.70,Sudeste,2025-11-09T00:44:49
4,33.37,0.43,16.29,Sudoeste,2025-11-09T00:44:49
1,41.27,1.39,86.48,Nordeste,2025-11-09T00:44:54
2,65.45,0.58,66.73,Noroeste,2025-11-09T00:44:54
3,34.77,0.21,96.36,Sudeste,2025-11-09T00:44:54
4,32.02,0.37,20.57,Sudoeste,2025-11-09T00:44:54
1,45.32,1.44,71.57,Nordeste,2025-11-09T00:44:59
2,78.72,0.66,74.86,Noroeste,2025-11-09T00:44:59
3,34.25,0.39,72.08,Sudeste,2025-11-09T00:44:59
4,37.09,0.47,20.11,Sudoeste,2025-11-09T00:44:59
1,47.46,1.15,98.16,Nordeste,2025-11-09T00:45:04
2,78.36,0.72,64.66,Noroeste,2025-11-09T00:45:04
3,34.38,0.28,80.28,Sudeste,2025-11-09T00:45:04
4,30.59,0.50,14.30,Sudoeste,2025-11-09T00:45:04
1,44.16,1.36,83.56,Nordeste,2025-11-09T00:45:09
2,79.04,0.77,76.37,Noroeste,2025-11-09T00:45:09
3,30.92,0.29,76.99,Sudeste,2025-11-09T00:45:09
4,35.25,0.56,22.67,Sudoeste,2025-11-09T00:45:09
1,49.71,1.15,90.11,Nordeste,2025-11-09T00:45:14
2,65.97,0.64,59.87,Noroeste,2025-11-09T00:45:14
3,31.58,0.19,84.93,Sudeste,2025-11-09T00:45:14
4,33.78,0.25,21.38,Sudoeste,2025-11-09T00:45:14
1,45.72,1.49,68.76,Nordeste,2025-11-09T00:45:19
2,73.63,0.54,58.76,Noroeste,2025-11-09T00:45:19
3,30.71,0.28,93.66,Sudeste,2025-11-09T00:45:19
4,39.38,0.49,14.83,Sudoeste,2025-11-09T00:45:19
1,46.14,1.11,78.99,Nordeste,2025-11-09T00:45:24
2,81.79,0.44,75.72,Noroeste,2025-11-09T00:45:24
3,32.58,0.30,74.56,Sudeste,2025-11-09T00:45:24
4,30.88,0.34,15.88,Sudoeste,2025-11-09T00:45:24
1,46.56,1.23,70.97,Nordeste,2025-11-09T00:45:29
2,70.40,0.59,67.92,Noroeste,2025-11-09T00:45:29
3,30.08,0.12,74.63,Sudeste,2025-11-09T00:45:29
4,31.11,0.59,16.60,Sudoeste,2025-11-09T00:45:29
1,42.05,1.07,63.69,Nordeste,2025-11-09T00:45:34
2,71.77,0.40,76.39,Noroeste,2025-11-09T00:45:34
3,31.40,0.34,81.93,Sudeste,2025-11-09T00:45:34
4,34.50,0.42,20.11,Sudoeste,2025-11-09T00:45:34
1,45.27,1.20,70.98,Nordeste,2025-11-09T00:45:39
2,75.68,0.62,74.87,Noroeste,2025-11-09T00:45:39
3,32.84,0.30,76.56,Sudeste,2025-11-09T00:45:39
4,33.18,0.43,9.60,Sudoeste,2025-11-09T00:45:39
1,46.30,1.13,90.85,Nordeste,2025-11-09T00:45:44
2,82.33,0.42,51.17,Noroeste,2025-11-09T00:45:44
3,30.30,0.23,91.49,Sudeste,2025-11-09T00:45:44
4,38.58,0.54,8.34,Sudoeste,2025-11-09T00:45:44
1,46.05,1.38,84.38,Nordeste,2025-11-09T00:45:49
2,79.09,0.48,53.75,Noroeste,2025-11-09T00:45:49
3,31.78,0.37,90.18,Sudeste,2025-11-09T00:45:49
4,36.03,0.57,16.85,Sudoeste,2025-11-09T00:45:49
1,43.78,1.27,72.83,Nordeste,2025-11-09T00:45:54
2,69.29,0.69,52.00,Noroeste,2025-11-09T00:45:54
3,32.81,0.13,71.38,Sudeste,2025-11-09T00:45:54
4,39.41,0.26,5.86,Sudoeste,2025-11-09T00:45:54
1,49.42,1.38,61.96,Nordeste,2025-11-09T00:45:59
2,81.51,0.72,79.94,Noroeste,2025-11-09T00:45:59
3,32.18,0.12,90.20,Sudeste,2025-11-09T00:45:59
4,32.63,0.41,20.47,Sudoeste,2025-11-09T00:45:59
1,47.29,1.19,80.60,Nordeste,2025-11-09T00:46:04
2,73.23,0.42,76.97,Noroeste,2025-11-09T00:46:04
3,30.10,0.26,95.96,Sudeste,2025-11-09T00:46:04
4,30.73,0.52,11.30,Sudoeste,2025-11-09T00:46:04
1,45.14,1.04,99.82,Nordeste,2025-11-09T00:46:09
2,79.69,0.48,67.99,Noroeste,2025-11-09T00:46:09
3,31.67,0.38,87.47,Sudeste,2025-11-09T00:46:09
4,31.32,0.30,21.65,Sudoeste,2025-11-09T00:46:09
1,46.33,1.17,95.07,Nordeste,2025-11-09T00:46:14
2,76.22,0.45,72.37,Noroeste,2025-11-09T00:46:14
3,31.08,0.18,73.70,Sudeste,2025-11-09T00:46:14
4,37.71,0.55,20.04,Sudoeste,2025-11-09T00:46:14
1,41.11,1.50,99.14,Nordeste,2025-11-09T00:46:19
2,80.98,0.73,65.41,Noroeste,2025-11-09T00:46:19
3,34.42,0.26,96.01,Sudeste,2025-11-09T00:46:19
4,30.79,0.42,16.87,Sudoeste,2025-11-09T00:46:19
1,48.15,1.31,60.87,Nordeste,2025-11-09T00:46:24
2,78.38,0.46,58.29,Noroeste,2025-11-09T00:46:24
3,34.73,0.24,78.52,Sudeste,2025-11-09T00:46:24
4,37.82,0.24,23.17,Sudoeste,2025-11-09T00:46:24
1,42.39,1.10,69.59,Nordeste,2025-11-09T00:46:29
2,76.00,0.53,53.07,Noroeste,2025-11-09T00:46:29
3,31.25,0.28,73.82,Sudeste,2025-11-09T00:46:29
4,31.03,0.57,18.60,Sudoeste,2025-11-09T00:46:29
1,46.91,1.44,89.80,Nordeste,2025-11-09T00:46:34
2,71.30,0.70,58.46,Noroeste,2025-11-09T00:46:34
3,33.11,0.24,94.66,Sudeste,2025-11-09T00:46:34
4,37.03,0.42,10.63,Sudoeste,2025-11-09T00:46:34
1,41.13,1.41,78.05,Nordeste,2025-11-09T00:46:39
2,84.70,0.46,67.84,Noroeste,2025-11-09T00:46:39
3,30.78,0.40,96.40,Sudeste,2025-11-09T00:46:39
4,39.93,0.38,19.39,Sudoeste,2025-11-09T00:46:39
1,45.77,1.17,94.70,Nordeste,2025-11-09T00:46:44
2,82.62,0.70,67.24,Noroeste,2025-11-09T00:46:44
3,30.25,0.18,99.00,Sudeste,2025-11-09T00:46:44
4,31.32,0.31,19.47,Sudoeste,2025-11-09T00:46:44
1,49.17,1.08,90.19,Nordeste,2025-11-09T00:46:49
2,71.88,0.56,76.73,Noroeste,2025-11-09T00:46:49
3,32.67,0.15,80.46,Sudeste,2025-11-09T00:46:49
4,36.91,0.22,16.06,Sudoeste,2025-11-09T00:46:49
1,48.22,1.09,81.81,Nordeste,2025-11-09T00:46:54
2,73.10,0.43,62.59,Noroeste,2025-11-09T00:46:54
3,34.23,0.26,79.54,Sudeste,2025-11-09T00:46:54
4,31.33,0.22,6.73,Sudoeste,2025-11-09T00:46:54
1,48.42,1.11,85.38,Nordeste,2025-11-09T00:46:59
2,65.01,0.70,72.00,Noroeste,2025-11-09T00:46:59
3,33.05,0.10,86.79,Sudeste,2025-11-09T00:46:59
4,39.25,0.39,18.15,Sudoeste,2025-11-09T00:46:59
1,41.27,1.45,71.70,Nordeste,2025-11-09T00:47:04
2,73.04,0.46,70.06,Noroeste,2025-11-09T00:47:04
3,32.40,0.27,99.01,Sudeste,2025-11-09T00:47:04
4,33.07,0.21,22.58,Sudoeste,2025-11-09T00:47:04
1,45.60,1.32,90.08,Nordeste,2025-11-09T00:47:09
2,66.88,0.53,62.12,Noroeste,2025-11-09T00:47:09
3,34.95,0.38,83.53,Sudeste,2025-11-09T00:47:09
4,31.39,0.43,9.18,Sudoeste,2025-11-09T00:47:09
1,43.03,1.39,89.41,Nordeste,2025-11-09T00:47:14
2,77.59,0.60,76.62,Noroeste,2025-11-09T00:47:14
3,30.23,0.18,92.14,Sudeste,2025-11-09T00:47:14
4,35.19,0.32,8.88,Sudoeste,2025-11-09T00:47:14
1,48.27,1.36,75.39,Nordeste,2025-11-09T00:47:19
2,77.88,0.40,70.30,Noroeste,2025-11-09T00:47:19
3,34.99,0.33,75.56,Sudeste,2025-11-09T00:47:19
4,34.14,0.45,16.00,Sudoeste,2025-11-09T00:47:19
1,47.52,1.45,69.02,Nordeste,2025-11-09T00:47:24
2,76.65,0.80,59.77,Noroeste,2025-11-09T00:47:24
3,34.35,0.15,94.69,Sudeste,2025-11-09T00:47:24
4,39.19,0.45,10.28,Sudoeste,2025-11-09T00:47:24
1,50.00,1.34,94.16,Nordeste,2025-11-09T00:47:29
2,82.03,0.63,53.07,Noroeste,2025-11-09T00:47:29
3,30.09,0.29,84.07,Sudeste,2025-11-09T00:47:29
4,30.43,0.41,19.54,Sudoeste,2025-11-09T00:47:29
1,42.04,1.40,87.33,Nordeste,2025-11-09T00:47:34
2,84.22,0.69,73.48,Noroeste,2025-11-09T00:47:34
3,30.01,0.36,89.93,Sudeste,2025-11-09T00:47:34
4,38.59,0.42,5.96,Sudoeste,2025-11-09T00:47:34
1,45.51,1.33,71.17,Nordeste,2025-11-09T00:47:39
2,78.40,0.75,75.10,Noroeste,2025-11-09T00:47:39
3,33.66,0.36,79.10,Sudeste,2025-11-09T00:47:39
4,33.08,0.53,9.31,Sudoeste,2025-11-09T00:47:39
1,40.02,1.38,88.47,Nordeste,2025-11-09T00:47:44
2,71.42,0.55,72.41,Noroeste,2025-11-09T00:47:44
3,32.59,0.18,90.53,Sudeste,2025-11-09T00:47:44
4,34.53,0.31,21.46,Sudoeste,2025-11-09T00:47:44
1,48.18,1.34,80.92,Nordeste,2025-11-09T00:47:49
2,68.11,0.71,69.87,Noroeste,2025-11-09T00:47:49
3,32.23,0.32,88.74,Sudeste,2025-11-09T00:47:49
4,37.79,0.51,24.07,Sudoeste,2025-11-09T00:47:49
1,46.26,1.03,68.97,Nordeste,2025-11-09T00:47:54
2,68.00,0.52,58.85,Noroeste,2025-11-09T00:47:54
3,31.50,0.32,97.95,Sudeste,2025-11-09T00:47:54
4,35.68,0.24,6.78,Sudoeste,2025-11-09T00:47:54
1,46.56,1.15,60.23,Nordeste,2025-11-09T00:47:59
2,83.20,0.74,54.48,Noroeste,2025-11-09T00:47:59
3,30.84,0.13,78.42,Sudeste,2025-11-09T00:47:59
4,36.59,0.30,15.90,Sudoeste,2025-11-09T00:47:59
1,43.08,1.17,82.39,Nordeste,2025-11-09T00:48:04
2,70.64,0.42,61.40,Noroeste,2025-11-09T00:48:04
3,33.28,0.22,99.18,Sudeste,2025-11-09T00:48:04
4,32.55,0.34,15.02,Sudoeste,2025-11-09T00:48:04
1,42.70,1.24,72.97,Nordeste,2025-11-09T00:48:09
2,77.56,0.69,62.70,Noroeste,2025-11-09T00:48:09
3,30.41,0.29,84.51,Sudeste,2025-11-09T00:48:09
4,39.68,0.54,22.83,Sudoeste,2025-11-09T00:48:09
1,42.16,1.23,95.35,Nordeste,2025-11-09T00:48:14
2,70.43,0.74,78.47,Noroeste,2025-11-09T00:48:14
3,33.54,0.26,97.47,Sudeste,2025-11-09T00:48:14
4,34.25,0.43,12.03,Sudoeste,2025-11-09T00:48:14
1,42.27,1.12,65.50,Nordeste,2025-11-09T00:48:19
2,77.12,0.77,60.70,Noroeste,2025-11-09T00:48:19
3,31.55,0.17,99.82,Sudeste,2025-11-09T00:48:19
4,37.63,0.52,9.12,Sudoeste,2025-11-09T00:48:19
1,47.46,1.07,67.51,Nordeste,2025-11-09T00:48:24
2,84.24,0.50,56.23,Noroeste,2025-11-09T00:48:24
3,30.51,0.15,86.22,Sudeste,2025-11-09T00:48:24
4,30.37,0.32,24.66,Sudoeste,2025-11-09T00:48:24
1,41.03,1.49,83.76,Nordeste,2025-11-09T00:48:29
2,78.24,0.66,52.29,Noroeste,2025-11-09T00:48:29
3,33.02,0.29,92.43,Sudeste,2025-11-09T00:48:29
4,33.04,0.29,14.30,Sudoeste,2025-11-09T00:48:29
1,47.79,1.34,94.53,Nordeste,2025-11-09T00:48:34
2,70.90,0.64,67.75,Noroeste,2025-11-09T00:48:34
3,33.61,0.12,90.76,Sudeste,2025-11-09T00:48:34
4,39.70,0.39,10.87,Sudoeste,2025-11-09T00:48:34
1,42.75,1.35,67.32,Nordeste,2025-11-09T00:48:39
2,81.94,0.51,53.78,Noroeste,2025-11-09T00:48:39
3,33.96,0.14,96.74,Sudeste,2025-11-09T00:48:39
4,38.25,0.23,12.37,Sudoeste,2025-11-09T00:48:39
1,43.44,1.18,93.50,Nordeste,2025-11-09T00:48:44
2,78.76,0.64,63.96,Noroeste,2025-11-09T00:48:44
3,30.12,0.18,71.68,Sudeste,2025-11-09T00:48:44
4,30.18,0.35,12.17,Sudoeste,2025-11-09T00:48:44
1,42.15,1.39,76.24,Nordeste,2025-11-09T00:48:49
2,78.87,0.40,60.80,Noroeste,2025-11-09T00:48:49
3,30.57,0.14,92.27,Sudeste,2025-11-09T00:48:49
4,38.39,0.51,10.29,Sudoeste,2025-11-09T00:48:49
1,49.67,1.46,66.32,Nordeste,2025-11-09T00:48:54
2,82.43,0.64,62.64,Noroeste,2025-11-09T00:48:54
3,34.93,0.37,87.12,Sudeste,2025-11-09T00:48:54
4,36.48,0.23,23.91,Sudoeste,2025-11-09T00:48:54
1,40.49,1.13,96.09,Nordeste,2025-11-09T00:48:59
2,69.90,0.52,71.58,Noroeste,2025-11-09T00:48:59
3,33.66,0.31,70.84,Sudeste,2025-11-09T00:48:59
4,30.93,0.45,13.61,Sudoeste,2025-11-09T00:48:59
1,41.26,1.02,69.95,Nordeste,2025-11-09T00:49:04
2,79.71,0.50,69.58,Noroeste,2025-11-09T00:49:04
3,32.90,0.37,95.73,Sudeste,2025-11-09T00:49:04
4,35.43,0.51,16.19,Sudoeste,2025-11-09T00:49:04
1,40.43,1.29,78.84,Nordeste,2025-11-09T00:49:09
2,74.42,0.48,62.06,Noroeste,2025-11-09T00:49:09
3,30.05,0.28,86.43,Sudeste,2025-11-09T00:49:09
4,37.73,0.54,23.36,Sudoeste,2025-11-09T00:49:09
1,43.16,1.23,67.38,Nordeste,2025-11-09T00:49:14
2,65.34,0.59,74.54,Noroeste,2025-11-09T00:49:14
3,34.23,0.36,90.81,Sudeste,2025-11-09T00:49:14
4,35.67,0.26,20.55,Sudoeste,2025-11-09T00:49:14
1,42.98,1.50,66.32,Nordeste,2025-11-09T00:49:19
2,70.68,0.44,72.02,Noroeste,2025-11-09T00:49:19
3,31.23,0.34,80.47,Sudeste,2025-11-09T00:49:19
4,38.13,0.45,22.11,Sudoeste,2025-11-09T00:49:19
1,45.11,1.14,68.97,Nordeste,2025-11-09T00:49:24
2,72.30,0.59,52.69,Noroeste,2025-11-09T00:49:24
3,30.93,0.29,73.81,Sudeste,2025-11-09T00:49:24
4,37.14,0.20,18.64,Sudoeste,2025-11-09T00:49:24
1,47.33,1.03,98.70,Nordeste,2025-11-09T00:49:29
2,68.22,0.62,57.96,Noroeste,2025-11-09T00:49:29
3,32.81,0.15,99.11,Sudeste,2025-11-09T00:49:29
4,37.57,0.54,23.32,Sudoeste,2025-11-09T00:49:29
1,44.50,1.07,94.91,Nordeste,2025-11-09T00:49:34
2,78.00,0.60,62.32,Noroeste,2025-11-09T00:49:34
3,31.71,0.34,77.99,Sudeste,2025-11-09T00:49:34
4,33.15,0.38,13.25,Sudoeste,2025-11-09T00:49:34
1,49.17,1.50,96.15,Nordeste,2025-11-09T00:49:39
2,77.02,0.53,75.01,Noroeste,2025-11-09T00:49:39
3,30.98,0.11,70.46,Sudeste,2025-11-09T00:49:39
4,36.65,0.54,23.61,Sudoeste,2025-11-09T00:49:39
1,48.35,1.14,81.67,Nordeste,2025-11-09T00:49:44
2,71.63,0.78,78.72,Noroeste,2025-11-09T00:49:44
3,34.87,0.28,71.26,Sudeste,2025-11-09T00:49:44
4,38.06,0.29,13.19,Sudoeste,2025-11-09T00:49:44
1,49.63,1.20,97.31,Nordeste,2025-11-09T00:49:49
2,74.76,0.48,74.85,Noroeste,2025-11-09T00:49:49
3,32.11,0.16,96.29,Sudeste,2025-11-09T00:49:49
4,34.22,0.46,21.20,Sudoeste,2025-11-09T00:49:49
1,47.09,1.24,87.72,Nordeste,2025-11-09T00:49:54
2,76.75,0.69,61.50,Noroeste,2025-11-09T00:49:54
3,33.33,0.27,93.16,Sudeste,2025-11-09T00:49:54
4,38.89,0.57,24.51,Sudoeste,2025-11-09T00:49:54
1,49.99,1.44,78.97,Nordeste,2025-11-09T00:49:59
2,82.67,0.65,77.57,Noroeste,2025-11-09T00:49:59
3,31.35,0.13,93.16,Sudeste,2025-11-09T00:49:59
4,32.12,0.48,23.33,Sudoeste,2025-11-09T00:49:59
1,43.51,1.34,73.50,Nordeste,2025-11-09T00:50:04
2,82.31,0.67,72.58,Noroeste,2025-11-09T00:50:04
3,33.52,0.35,74.40,Sudeste,2025-11-09T00:50:04
4,31.91,0.47,23.04,Sudoeste,2025-11-09T00:50:04
1,44.54,1.38,75.06,Nordeste,2025-11-09T00:50:09
2,67.00,0.61,58.59,Noroeste,2025-11-09T00:50:09
3,30.01,0.39,70.79,Sudeste,2025-11-09T00:50:09
4,36.88,0.28,18.04,Sudoeste,2025-11-09T00:50:09
1,41.97,1.43,98.58,Nordeste,2025-11-09T00:50:14
2,75.50,0.61,54.05,Noroeste,2025-11-09T00:50:14
3,32.53,0.23,92.66,Sudeste,2025-11-09T00:50:14
4,32.78,0.49,14.13,Sudoeste,2025-11-09T00:50:14
1,46.89,1.48,61.67,Nordeste,2025-11-09T00:50:19
2,79.91,0.50,64.78,Noroeste,2025-11-09T00:50:19
3,33.28,0.25,84.45,Sudeste,2025-11-09T00:50:19
4,37.71,0.40,6.05,Sudoeste,2025-11-09T00:50:19
1,45.24,1.06,67.29,Nordeste,2025-11-09T00:50:24
2,65.23,0.54,51.23,Noroeste,2025-11-09T00:50:24
3,34.89,0.15,80.38,Sudeste,2025-11-09T00:50:24
4,39.66,0.30,17.89,Sudoeste,2025-11-09T00:50:24
1,40.40,1.22,74.62,Nordeste,2025-11-09T00:50:29
2,84.40,0.42,79.27,Noroeste,2025-11-09T00:50:29
3,33.71,0.28,81.28,Sudeste,2025-11-09T00:50:29
4,36.21,0.41,24.87,Sudoeste,2025-11-09T00:50:29
1,42.01,1.07,98.33,Nordeste,2025-11-09T00:50:34
2,79.00,0.56,56.68,Noroeste,2025-11-09T00:50:34
3,31.34,0.39,93.99,Sudeste,2025-11-09T00:50:34
4,37.18,0.28,5.71,Sudoeste,2025-11-09T00:50:34
1,46.16,1.04,99.82,Nordeste,2025-11-09T00:50:39
2,84.33,0.62,71.45,Noroeste,2025-11-09T00:50:39
3,34.93,0.36,82.03,Sudeste,2025-11-09T00:50:39
4,37.51,0.31,17.53,Sudoeste,2025-11-09T00:50:39
1,48.66,1.36,95.92,Nordeste,2025-11-09T00:50:44
2,81.64,0.67,73.93,Noroeste,2025-11-09T00:50:44
3,32.01,0.24,83.82,Sudeste,2025-11-09T00:50:44
4,31.35,0.42,22.61,Sudoeste,2025-11-09T00:50:44
1,45.43,1.23,68.26,Nordeste,2025-11-09T00:50:49
2,71.71,0.50,70.93,Noroeste,2025-11-09T00:50:49
3,31.50,0.26,80.13,Sudeste,2025-11-09T00:50:49
4,37.37,0.22,6.67,Sudoeste,2025-11-09T00:50:49
1,40.07,1.08,95.55,Nordeste,2025-11-09T00:50:54
2,70.24,0.62,63.86,Noroeste,2025-11-09T00:50:54
3,32.09,0.14,76.39,Sudeste,2025-11-09T00:50:54
4,35.01,0.48,11.41,Sudoeste,2025-11-09T00:50:54
1,44.06,1.46,96.00,Nordeste,2025-11-09T00:51:00
2,65.14,0.49,72.68,Noroeste,2025-11-09T00:51:00
3,30.16,0.20,91.80,Sudeste,2025-11-09T00:51:00
4,38.75,0.45,15.60,Sudoeste,2025-11-09T00:51:00
1,47.80,1.22,67.80,Nordeste,2025-11-09T00:51:05
2,66.76,0.48,58.91,Noroeste,2025-11-09T00:51:05
3,32.52,0.30,89.98,Sudeste,2025-11-09T00:51:05
4,33.95,0.54,17.88,Sudoeste,2025-11-09T00:51:05
1,41.67,1.35,62.10,Nordeste,2025-11-09T00:51:10
2,71.31,0.49,75.74,Noroeste,2025-11-09T00:51:10
3,30.81,0.31,70.35,Sudeste,2025-11-09T00:51:10
4,30.89,0.54,19.18,Sudoeste,2025-11-09T00:51:10
1,45.72,1.48,76.66,Nordeste,2025-11-09T00:51:15
2,67.29,0.44,64.84,Noroeste,2025-11-09T00:51:15
3,30.76,0.25,95.56,Sudeste,2025-11-09T00:51:15
4,34.08,0.28,9.72,Sudoeste,2025-11-09T00:51:15
1,47.40,1.13,79.26,Nordeste,2025-11-09T00:51:20
2,69.43,0.78,79.04,Noroeste,2025-11-09T00:51:20
3,33.58,0.38,88.77,Sudeste,2025-11-09T00:51:20
4,37.14,0.56,10.50,Sudoeste,2025-11-09T00:51:20
1,41.82,1.23,94.72,Nordeste,2025-11-09T01:22:08
2,82.05,0.71,58.75,Noroeste,2025-11-09T01:22:08
3,31.24,0.18,79.58,Sudeste,2025-11-09T01:22:08
4,30.17,0.31,14.38,Sudoeste,2025-11-09T01:22:08
1,43.95,1.21,61.05,Nordeste,2025-11-09T01:22:13
2,69.73,0.44,68.27,Noroeste,2025-11-09T01:22:13
3,33.41,0.38,87.72,Sudeste,2025-11-09T01:22:13
4,39.32,0.59,20.29,Sudoeste,2025-11-09T01:22:13
1,48.91,1.24,64.46,Nordeste,2025-11-09T01:22:19
2,68.03,0.69,51.63,Noroeste,2025-11-09T01:22:19
3,32.04,0.26,79.82,Sudeste,2025-11-09T01:22:19
4,35.63,0.40,22.45,Sudoeste,2025-11-09T01:22:19
1,41.87,1.30,87.91,Nordeste,2025-11-09T01:22:24
2,79.06,0.59,78.93,Noroeste,2025-11-09T01:22:24
3,30.98,0.13,90.14,Sudeste,2025-11-09T01:22:24
4,37.03,0.23,10.09,Sudoeste,2025-11-09T01:22:24
1,47.45,1.38,97.72,Nordeste,2025-11-09T01:22:29
2,75.06,0.45,62.99,Noroeste,2025-11-09T01:22:29
3,30.44,0.20,76.05,Sudeste,2025-11-09T01:22:29
4,33.46,0.50,20.30,Sudoeste,2025-11-09T01:22:29
1,41.22,1.03,98.73,Nordeste,2025-11-09T01:22:34
2,82.10,0.72,77.69,Noroeste,2025-11-09T01:22:34
3,33.55,0.28,72.64,Sudeste,2025-11-09T01:22:34
4,34.63,0.34,5.61,Sudoeste,2025-11-09T01:22:34
1,44.30,1.06,90.38,Nordeste,2025-11-09T01:22:39
2,74.71,0.70,57.28,Noroeste,2025-11-09T01:22:39
3,32.24,0.28,82.30,Sudeste,2025-11-09T01:22:39
4,31.39,0.53,21.85,Sudoeste,2025-11-09T01:22:39
1,47.05,1.41,65.49,Nordeste,2025-11-09T01:22:44
2,71.42,0.60,78.01,Noroeste,2025-11-09T01:22:44
3,30.05,0.29,79.78,Sudeste,2025-11-09T01:22:44
4,36.45,0.42,16.90,Sudoeste,2025-11-09T01:22:44
1,44.17,1.49,81.50,Nordeste,2025-11-09T01:22:49
2,80.86,0.68,67.35,Noroeste,2025-11-09T01:22:49
3,34.88,0.16,87.99,Sudeste,2025-11-09T01:22:49
4,36.52,0.21,15.24,Sudoeste,2025-11-09T01:22:49
1,48.04,1.35,93.22,Nordeste,2025-11-09T01:22:54
2,74.02,0.63,50.84,Noroeste,2025-11-09T01:22:54
3,34.73,0.38,97.41,Sudeste,2025-11-09T01:22:54
4,34.75,0.32,8.37,Sudoeste,2025-11-09T01:22:54
1,49.59,1.11,64.14,Nordeste,2025-11-09T01:22:59
2,74.89,0.65,75.30,Noroeste,2025-11-09T01:22:59
3,34.33,0.36,74.12,Sudeste,2025-11-09T01:22:59
4,37.18,0.34,14.69,Sudoeste,2025-11-09T01:22:59
1,49.73,1.08,68.30,Nordeste,2025-11-09T01:23:04
2,68.55,0.64,72.72,Noroeste,2025-11-09T01:23:04
3,33.53,0.19,80.97,Sudeste,2025-11-09T01:23:04
4,30.03,0.36,18.38,Sudoeste,2025-11-09T01:23:04
1,46.55,1.25,76.94,Nordeste,2025-11-09T01:23:09
2,66.98,0.77,78.70,Noroeste,2025-11-09T01:23:09
3,32.40,0.12,77.77,Sudeste,2025-11-09T01:23:09
4,38.30,0.34,8.24,Sudoeste,2025-11-09T01:23:09
1,49.23,1.14,82.65,Nordeste,2025-11-09T01:23:14
2,67.17,0.48,66.49,Noroeste,2025-11-09T01:23:14
3,32.65,0.22,71.72,Sudeste,2025-11-09T01:23:14
4,35.55,0.24,22.68,Sudoeste,2025-11-09T01:23:14
1,47.28,1.47,92.64,Nordeste,2025-11-09T01:23:19
2,66.03,0.41,74.08,Noroeste,2025-11-09T01:23:19
3,31.98,0.14,73.26,Sudeste,2025-11-09T01:23:19
4,33.15,0.52,8.20,Sudoeste,2025-11-09T01:23:19
1,41.24,1.30,69.55,Nordeste,2025-11-09T01:23:24
2,75.18,0.66,52.51,Noroeste,2025-11-09T01:23:24
3,33.21,0.30,98.79,Sudeste,2025-11-09T01:23:24
4,34.05,0.32,17.37,Sudoeste,2025-11-09T01:23:24
1,48.79,1.25,99.37,Nordeste,2025-11-09T01:23:29
2,66.04,0.79,79.26,Noroeste,2025-11-09T01:23:29
3,33.50,0.13,74.87,Sudeste,2025-11-09T01:23:29
4,35.48,0.40,18.28,Sudoeste,2025-11-09T01:23:29
1,45.38,1.41,63.80,Nordeste,2025-11-09T01:23:34
2,67.05,0.61,64.90,Noroeste,2025-11-09T01:23:34
3,32.96,0.37,99.83,Sudeste,2025-11-09T01:23:34
4,39.29,0.56,13.90,Sudoeste,2025-11-09T01:23:34
1,42.70,1.11,78.67,Nordeste,2025-11-09T01:23:39
2,79.91,0.54,68.83,Noroeste,2025-11-09T01:23:39
3,30.34,0.14,97.03,Sudeste,2025-11-09T01:23:39
4,32.73,0.42,17.88,Sudoeste,2025-11-09T01:23:39
1,44.70,1.10,75.08,Nordeste,2025-11-09T01:23:44
2,79.80,0.45,56.50,Noroeste,2025-11-09T01:23:44
3,32.05,0.22,91.65,Sudeste,2025-11-09T01:23:44
4,38.77,0.42,13.72,Sudoeste,2025-11-09T01:23:44
1,41.93,1.11,68.26,Nordeste,2025-11-09T01:23:49
2,81.57,0.61,51.45,Noroeste,2025-11-09T01:23:49
3,30.55,0.35,85.48,Sudeste,2025-11-09T01:23:49
4,37.25,0.40,19.57,Sudoeste,2025-11-09T01:23:49
1,46.68,1.40,77.07,Nordeste,2025-11-09T01:23:54
2,65.22,0.57,67.23,Noroeste,2025-11-09T01:23:54
3,32.36,0.34,78.72,Sudeste,2025-11-09T01:23:54
4,38.59,0.20,9.54,Sudoeste,2025-11-09T01:23:54
1,48.96,1.23,92.62,Nordeste,2025-11-09T01:23:59
2,68.14,0.49,65.92,Noroeste,2025-11-09T01:23:59
3,34.69,0.39,97.21,Sudeste,2025-11-09T01:23:59
4,32.47,0.31,15.55,Sudoeste,2025-11-09T01:23:59
1,46.90,1.30,77.08,Nordeste,2025-11-09T01:24:04
2,78.49,0.56,54.75,Noroeste,2025-11-09T01:24:04
3,33.51,0.16,79.96,Sudeste,2025-11-09T01:24:04
4,37.18,0.57,14.99,Sudoeste,2025-11-09T01:24:04
1,44.54,1.26,99.53,Nordeste,2025-11-09T01:24:09
2,68.14,0.63,58.46,Noroeste,2025-11-09T01:24:09
3,34.26,0.25,92.46,Sudeste,2025-11-09T01:24:09
4,34.97,0.22,14.00,Sudoeste,2025-11-09T01:24:09
1,48.58,1.38,90.16,Nordeste,2025-11-09T01:24:14
2,69.04,0.58,74.93,Noroeste,2025-11-09T01:24:14
3,34.72,0.32,94.98,Sudeste,2025-11-09T01:24:14
4,33.25,0.26,11.94,Sudoeste,2025-11-09T01:24:14
1,44.53,1.47,80.79,Nordeste,2025-11-09T01:24:19
2,67.41,0.65,68.53,Noroeste,2025-11-09T01:24:19
3,32.27,0.14,98.02,Sudeste,2025-11-09T01:24:19
4,34.71,0.20,6.89,Sudoeste,2025-11-09T01:24:19
1,42.46,1.43,61.06,Nordeste,2025-11-09T01:24:24
2,73.47,0.77,71.24,Noroeste,2025-11-09T01:24:24
3,30.98,0.22,87.86,Sudeste,2025-11-09T01:24:24
4,37.88,0.39,7.77,Sudoeste,2025-11-09T01:24:24
1,44.89,1.42,74.13,Nordeste,2025-11-09T01:24:29
2,71.82,0.66,52.63,Noroeste,2025-11-09T01:24:29
3,31.44,0.37,86.02,Sudeste,2025-11-09T01:24:29
4,35.31,0.28,23.31,Sudoeste,2025-11-09T01:24:29
1,48.74,1.00,62.52,Nordeste,2025-11-09T01:24:34
2,83.80,0.78,62.68,Noroeste,2025-11-09T01:24:34
3,33.94,0.11,89.60,Sudeste,2025-11-09T01:24:34
4,36.55,0.49,6.46,Sudoeste,2025-11-09T01:24:34
1,49.69,1.16,65.38,Nordeste,2025-11-09T01:24:39
2,77.77,0.60,66.09,Noroeste,2025-11-09T01:24:39
3,33.07,0.35,76.80,Sudeste,2025-11-09T01:24:39
4,38.13,0.28,14.92,Sudoeste,2025-11-09T01:24:39
1,44.14,1.28,73.02,Nordeste,2025-11-09T01:24:44
2,72.27,0.68,55.38,Noroeste,2025-11-09T01:24:44
3,32.13,0.20,92.79,Sudeste,2025-11-09T01:24:44
4,37.51,0.53,8.48,Sudoeste,2025-11-09T01:24:44
1,43.50,1.16,69.93,Nordeste,2025-11-09T01:24:49
2,70.37,0.79,78.36,Noroeste,2025-11-09T01:24:49
3,33.40,0.32,72.90,Sudeste,2025-11-09T01:24:49
4,38.63,0.33,7.54,Sudoeste,2025-11-09T01:24:49
1,42.60,1.19,61.32,Nordeste,2025-11-09T01:24:54
2,72.23,0.68,52.78,Noroeste,2025-11-09T01:24:54
3,33.28,0.35,95.35,Sudeste,2025-11-09T01:24:54
4,32.53,0.20,22.17,Sudoeste,2025-11-09T01:24:54
1,43.47,1.03,76.50,Nordeste,2025-11-09T01:24:59
2,65.30,0.58,77.01,Noroeste,2025-11-09T01:24:59
3,33.01,0.38,83.11,Sudeste,2025-11-09T01:24:59
4,32.31,0.22,7.08,Sudoeste,2025-11-09T01:24:59
1,48.88,1.08,75.23,Nordeste,2025-11-09T01:25:04
2,76.80,0.47,77.88,Noroeste,2025-11-09T01:25:04
3,33.85,0.32,87.69,Sudeste,2025-11-09T01:25:04
4,34.54,0.55,12.16,Sudoeste,2025-11-09T01:25:04
1,40.57,1.31,74.24,Nordeste,2025-11-09T01:25:09
2,77.34,0.80,72.74,Noroeste,2025-11-09T01:25:09
3,32.79,0.28,84.06,Sudeste,2025-11-09T01:25:09
4,38.93,0.56,7.66,Sudoeste,2025-11-09T01:25:09
1,47.09,1.36,79.78,Nordeste,2025-11-09T01:25:14
2,81.87,0.62,58.44,Noroeste,2025-11-09T01:25:14
3,32.47,0.26,86.37,Sudeste,2025-11-09T01:25:14
4,32.51,0.42,16.55,Sudoeste,2025-11-09T01:25:14
1,49.96,1.12,83.56,Nordeste,2025-11-09T01:25:19
2,82.26,0.78,62.88,Noroeste,2025-11-09T01:25:19
3,33.08,0.13,99.11,Sudeste,2025-11-09T01:25:19
4,30.91,0.52,8.14,Sudoeste,2025-11-09T01:25:19
1,44.48,1.22,85.19,Nordeste,2025-11-09T01:25:24
2,70.80,0.68,69.08,Noroeste,2025-11-09T01:25:24
3,30.44,0.25,73.11,Sudeste,2025-11-09T01:25:24
4,37.53,0.53,17.79,Sudoeste,2025-11-09T01:25:24
1,44.21,1.19,99.56,Nordeste,2025-11-09T01:25:29
2,83.39,0.41,53.75,Noroeste,2025-11-09T01:25:29
3,32.77,0.33,92.90,Sudeste,2025-11-09T01:25:29
4,37.16,0.50,5.20,Sudoeste,2025-11-09T01:25:29
1,48.69,1.40,63.51,Nordeste,2025-11-09T01:25:34
2,72.66,0.56,64.51,Noroeste,2025-11-09T01:25:34
3,31.76,0.33,87.79,Sudeste,2025-11-09T01:25:34
4,31.52,0.59,8.40,Sudoeste,2025-11-09T01:25:34
1,42.64,1.09,81.56,Nordeste,2025-11-09T01:25:39
2,82.73,0.71,63.89,Noroeste,2025-11-09T01:25:39
3,33.21,0.33,90.93,Sudeste,2025-11-09T01:25:39
4,37.45,0.35,24.71,Sudoeste,2025-11-09T01:25:39
1,48.48,1.24,70.51,Nordeste,2025-11-09T01:25:44
2,80.39,0.43,78.48,Noroeste,2025-11-09T01:25:44
3,30.02,0.30,89.75,Sudeste,2025-11-09T01:25:44
4,32.42,0.49,17.28,Sudoeste,2025-11-09T01:25:44
1,41.67,1.32,68.41,Nordeste,2025-11-09T01:25:49
2,66.09,0.75,66.82,Noroeste,2025-11-09T01:25:49
3,32.50,0.38,90.21,Sudeste,2025-11-09T01:25:49
4,38.64,0.30,7.97,Sudoeste,2025-11-09T01:25:49
1,44.72,1.33,82.64,Nordeste,2025-11-09T01:25:54
2,68.46,0.40,67.50,Noroeste,2025-11-09T01:25:54
3,31.63,0.13,83.71,Sudeste,2025-11-09T01:25:54
4,39.38,0.37,14.15,Sudoeste,2025-11-09T01:25:54
1,48.87,1.33,64.41,Nordeste,2025-11-09T01:25:59
2,70.94,0.68,71.15,Noroeste,2025-11-09T01:25:59
3,34.89,0.12,76.28,Sudeste,2025-11-09T01:25:59
4,35.51,0.56,5.94,Sudoeste,2025-11-09T01:25:59
1,47.14,1.47,98.86,Nordeste,2025-11-09T01:26:04
2,67.49,0.59,54.40,Noroeste,2025-11-09T01:26:04
3,33.34,0.28,96.86,Sudeste,2025-11-09T01:26:04
4,36.97,0.46,7.23,Sudoeste,2025-11-09T01:26:04
1,49.65,1.04,88.20,Nordeste,2025-11-09T01:26:09
2,69.87,0.44,78.27,Noroeste,2025-11-09T01:26:09
3,33.39,0.20,77.44,Sudeste,2025-11-09T01:26:09
4,39.73,0.43,11.59,Sudoeste,2025-11-09T01:26:09
1,48.26,1.39,99.53,Nordeste,2025-11-09T01:26:14
2,65.48,0.75,70.38,Noroeste,2025-11-09T01:26:14
3,34.82,0.34,98.91,Sudeste,2025-11-09T01:26:14
4,31.17,0.58,6.79,Sudoeste,2025-11-09T01:26:14
1,47.75,1.44,75.59,Nordeste,2025-11-09T01:26:19
2,73.78,0.42,67.28,Noroeste,2025-11-09T01:26:19
3,33.46,0.14,82.55,Sudeste,2025-11-09T01:26:19
4,39.75,0.32,11.39,Sudoeste,2025-11-09T01:26:19
1,41.89,1.44,76.68,Nordeste,2025-11-09T01:26:24
2,78.54,0.46,62.56,Noroeste,2025-11-09T01:26:24
3,34.08,0.27,99.20,Sudeste,2025-11-09T01:26:24
4,33.13,0.44,12.92,Sudoeste,2025-11-09T01:26:24
1,41.36,1.23,72.88,Nordeste,2025-11-09T01:26:29
2,76.57,0.70,55.64,Noroeste,2025-11-09T01:26:29
3,30.26,0.16,98.85,Sudeste,2025-11-09T01:26:29
4,39.88,0.39,17.24,Sudoeste,2025-11-09T01:26:29
1,49.62,1.23,91.09,Nordeste,2025-11-09T01:26:34
2,72.37,0.44,66.31,Noroeste,2025-11-09T01:26:34
3,31.51,0.22,90.56,Sudeste,2025-11-09T01:26:34
4,39.08,0.48,18.85,Sudoeste,2025-11-09T01:26:34
1,43.11,1.16,67.35,Nordeste,2025-11-09T01:26:39
2,69.31,0.40,76.58,Noroeste,2025-11-09T01:26:39
3,34.81,0.18,77.01,Sudeste,2025-11-09T01:26:39
4,39.07,0.43,17.38,Sudoeste,2025-11-09T01:26:39
1,41.88,1.11,73.83,Nordeste,2025-11-09T01:26:44
2,79.93,0.69,54.92,Noroeste,2025-11-09T01:26:44
3,30.96,0.12,93.92,Sudeste,2025-11-09T01:26:44
4,30.27,0.24,8.72,Sudoeste,2025-11-09T01:26:44
1,44.53,1.12,65.63,Nordeste,2025-11-09T01:26:49
2,74.47,0.55,68.38,Noroeste,2025-11-09T01:26:49
3,33.26,0.37,81.73,Sudeste,2025-11-09T01:26:49
4,36.47,0.31,6.42,Sudoeste,2025-11-09T01:26:49
1,46.44,1.26,76.88,Nordeste,2025-11-09T01:26:54
2,79.93,0.78,79.49,Noroeste,2025-11-09T01:26:54
3,32.47,0.15,98.53,Sudeste,2025-11-09T01:26:54
4,38.89,0.48,15.90,Sudoeste,2025-11-09T01:26:54
1,44.53,1.46,94.42,Nordeste,2025-11-09T01:26:59
2,76.83,0.76,54.89,Noroeste,2025-11-09T01:26:59
3,31.00,0.24,75.40,Sudeste,2025-11-09T01:26:59
4,30.65,0.50,11.86,Sudoeste,2025-11-09T01:26:59
1,45.40,1.02,99.04,Nordeste,2025-11-09T01:27:04
2,73.44,0.42,64.70,Noroeste,2025-11-09T01:27:04
3,32.68,0.24,99.33,Sudeste,2025-11-09T01:27:04
4,35.31,0.59,13.73,Sudoeste,2025-11-09T01:27:04
1,46.38,1.10,94.39,Nordeste,2025-11-09T01:27:09
2,77.90,0.53,51.70,Noroeste,2025-11-09T01:27:09
3,34.67,0.12,86.23,Sudeste,2025-11-09T01:27:09
4,31.32,0.46,13.03,Sudoeste,2025-11-09T01:27:09
1,46.24,1.29,88.20,Nordeste,2025-11-09T01:27:14
2,79.53,0.46,70.40,Noroeste,2025-11-09T01:27:14
3,32.92,0.29,99.53,Sudeste,2025-11-09T01:27:14
4,32.87,0.27,5.71,Sudoeste,2025-11-09T01:27:14
1,46.74,1.46,96.82,Nordeste,2025-11-09T01:27:19
2,81.14,0.49,66.43,Noroeste,2025-11-09T01:27:19
3,33.10,0.11,72.85,Sudeste,2025-11-09T01:27:19
4,34.26,0.27,5.81,Sudoeste,2025-11-09T01:27:19
1,43.18,1.07,68.25,Nordeste,2025-11-09T01:27:24
2,73.38,0.50,77.67,Noroeste,2025-11-09T01:27:24
3,30.29,0.12,73.78,Sudeste,2025-11-09T01:27:24
4,37.41,0.20,16.92,Sudoeste,2025-11-09T01:27:24
1,49.44,1.25,67.26,Nordeste,2025-11-09T01:27:29
2,76.92,0.52,52.11,Noroeste,2025-11-09T01:27:29
3,33.88,0.17,92.21,Sudeste,2025-11-09T01:27:29
4,38.21,0.36,22.85,Sudoeste,2025-11-09T01:27:29
1,46.26,1.45,90.02,Nordeste,2025-11-09T01:27:34
2,70.48,0.63,73.67,Noroeste,2025-11-09T01:27:34
3,32.31,0.26,86.03,Sudeste,2025-11-09T01:27:34
4,35.60,0.54,8.33,Sudoeste,2025-11-09T01:27:34
1,49.25,1.15,78.18,Nordeste,2025-11-09T01:27:39
2,74.03,0.51,75.38,Noroeste,2025-11-09T01:27:39
3,33.91,0.26,74.51,Sudeste,2025-11-09T01:27:39
4,33.53,0.48,21.16,Sudoeste,2025-11-09T01:27:39
1,40.70,1.04,87.85,Nordeste,2025-11-09T01:27:44
2,67.86,0.63,79.19,Noroeste,2025-11-09T01:27:44
3,31.38,0.32,78.74,Sudeste,2025-11-09T01:27:44
4,32.20,0.30,12.78,Sudoeste,2025-11-09T01:27:44
1,45.52,1.41,67.51,Nordeste,2025-11-09T01:27:49
2,67.43,0.63,72.19,Noroeste,2025-11-09T01:27:49
3,30.17,0.31,71.37,Sudeste,2025-11-09T01:27:49
4,36.18,0.35,18.85,Sudoeste,2025-11-09T01:27:49
1,48.86,1.09,71.63,Nordeste,2025-11-09T01:27:54
2,73.97,0.58,64.89,Noroeste,2025-11-09T01:27:54
3,32.25,0.36,79.03,Sudeste,2025-11-09T01:27:54
4,38.40,0.36,9.26,Sudoeste,2025-11-09T01:27:54
1,42.05,1.10,71.90,Nordeste,2025-11-09T01:27:59
2,69.33,0.64,65.60,Noroeste,2025-11-09T01:27:59
3,34.30,0.34,96.25,Sudeste,2025-11-09T01:27:59
4,30.66,0.36,11.89,Sudoeste,2025-11-09T01:27:59
1,48.51,1.39,97.17,Nordeste,2025-11-09T01:28:04
2,74.68,0.70,53.43,Noroeste,2025-11-09T01:28:04
3,34.00,0.32,77.76,Sudeste,2025-11-09T01:28:04
4,30.27,0.36,9.20,Sudoeste,2025-11-09T01:28:04
1,45.78,1.31,90.88,Nordeste,2025-11-09T01:28:09
2,67.29,0.55,68.62,Noroeste,2025-11-09T01:28:09
3,30.40,0.37,79.74,Sudeste,2025-11-09T01:28:09
4,34.69,0.30,23.10,Sudoeste,2025-11-09T01:28:09
1,44.83,1.12,63.06,Nordeste,2025-11-09T01:28:14
2,73.08,0.75,52.37,Noroeste,2025-11-09T01:28:14
3,31.45,0.25,87.00,Sudeste,2025-11-09T01:28:14
4,37.97,0.54,15.32,Sudoeste,2025-11-09T01:28:14
1,43.98,1.27,97.55,Nordeste,2025-11-09T01:28:19
2,71.62,0.75,65.77,Noroeste,2025-11-09T01:28:19
3,34.78,0.13,85.95,Sudeste,2025-11-09T01:28:19
4,30.47,0.25,9.94,Sudoeste,2025-11-09T01:28:19
1,43.25,1.42,93.96,Nordeste,2025-11-09T01:28:24
2,69.76,0.48,77.92,Noroeste,2025-11-09T01:28:24
3,33.24,0.27,88.57,Sudeste,2025-11-09T01:28:24
4,32.95,0.55,7.26,Sudoeste,2025-11-09T01:28:24
1,42.85,1.39,97.58,Nordeste,2025-11-09T01:28:29
2,75.38,0.60,66.37,Noroeste,2025-11-09T01:28:29
3,34.56,0.32,78.54,Sudeste,2025-11-09T01:28:29
4,32.07,0.49,22.54,Sudoeste,2025-11-09T01:28:29
1,47.18,1.14,70.39,Nordeste,2025-11-09T01:28:34
2,66.36,0.42,64.00,Noroeste,2025-11-09T01:28:34
3,31.03,0.34,74.65,Sudeste,2025-11-09T01:28:34
4,30.50,0.49,10.75,Sudoeste,2025-11-09T01:28:34
1,45.01,1.26,79.76,Nordeste,2025-11-09T01:28:39
2,69.81,0.70,56.98,Noroeste,2025-11-09T01:28:39
3,30.76,0.15,91.72,Sudeste,2025-11-09T01:28:39
4,39.46,0.34,9.61,Sudoeste,2025-11-09T01:28:39
1,41.71,1.40,86.32,Nordeste,2025-11-09T01:28:44
2,68.16,0.72,50.47,Noroeste,2025-11-09T01:28:44
3,34.56,0.19,83.64,Sudeste,2025-11-09T01:28:44
4,31.11,0.24,6.78,Sudoeste,2025-11-09T01:28:44
1,42.51,1.39,93.92,Nordeste,2025-11-09T01:28:49
2,72.95,0.65,52.91,Noroeste,2025-11-09T01:28:49
3,33.23,0.19,93.22,Sudeste,2025-11-09T01:28:49
4,37.47,0.28,21.27,Sudoeste,2025-11-09T01:28:49
1,40.78,1.07,78.47,Nordeste,2025-11-09T01:28:54
2,70.55,0.71,52.48,Noroeste,2025-11-09T01:28:54
3,34.01,0.24,86.91,Sudeste,2025-11-09T01:28:54
4,39.89,0.34,24.89,Sudoeste,2025-11-09T01:28:54
1,40.62,1.02,79.77,Nordeste,2025-11-09T01:28:59
2,83.12,0.77,67.80,Noroeste,2025-11-09T01:28:59
3,34.14,0.29,80.15,Sudeste,2025-11-09T01:28:59
4,33.63,0.53,11.18,Sudoeste,2025-11-09T01:28:59
1,43.31,1.28,68.30,Nordeste,2025-11-09T01:29:04
2,75.25,0.43,78.16,Noroeste,2025-11-09T01:29:04
3,31.39,0.26,94.75,Sudeste,2025-11-09T01:29:04
4,32.91,0.38,19.01,Sudoeste,2025-11-09T01:29:04
1,40.16,1.41,97.70,Nordeste,2025-11-09T01:29:09
2,79.10,0.74,74.30,Noroeste,2025-11-09T01:29:09
3,34.84,0.20,98.26,Sudeste,2025-11-09T01:29:09
4,33.06,0.39,22.49,Sudoeste,2025-11-09T01:29:09
1,49.78,1.10,82.70,Nordeste,2025-11-09T01:29:14
2,69.94,0.67,54.68,Noroeste,2025-11-09T01:29:14
3,32.51,0.24,73.42,Sudeste,2025-11-09T01:29:14
4,30.37,0.48,10.34,Sudoeste,2025-11-09T01:29:14
1,46.12,1.39,88.65,Nordeste,2025-11-09T01:29:19
2,74.93,0.43,54.03,Noroeste,2025-11-09T01:29:19
3,34.98,0.35,84.12,Sudeste,2025-11-09T01:29:19
4,39.55,0.52,23.05,Sudoeste,2025-11-09T01:29:19
1,44.99,1.04,81.08,Nordeste,2025-11-09T01:29:24
2,77.24,0.76,55.44,Noroeste,2025-11-09T01:29:24
3,33.61,0.20,80.72,Sudeste,2025-11-09T01:29:24
4,39.93,0.27,8.02,Sudoeste,2025-11-09T01:29:24
1,47.46,1.10,62.89,Nordeste,2025-11-09T01:29:29
2,65.15,0.46,74.94,Noroeste,2025-11-09T01:29:29
3,34.98,0.23,98.55,Sudeste,2025-11-09T01:29:29
4,36.03,0.20,16.34,Sudoeste,2025-11-09T01:29:29
1,48.56,1.44,94.67,Nordeste,2025-11-09T01:29:34
2,66.14,0.78,66.14,Noroeste,2025-11-09T01:29:34
3,32.61,0.27,79.93,Sudeste,2025-11-09T01:29:34
4,39.29,0.26,7.86,Sudoeste,2025-11-09T01:29:34
1,48.52,1.03,85.33,Nordeste,2025-11-09T01:29:39
2,79.88,0.42,54.78,Noroeste,2025-11-09T01:29:39
3,31.55,0.22,99.43,Sudeste,2025-11-09T01:29:39
4,30.07,0.50,10.14,Sudoeste,2025-11-09T01:29:39
1,46.34,1.22,90.11,Nordeste,2025-11-09T01:29:44
2,84.46,0.74,59.79,Noroeste,2025-11-09T01:29:44
3,30.14,0.38,73.01,Sudeste,2025-11-09T01:29:44
4,31.24,0.35,7.63,Sudoeste,2025-11-09T01:29:44
1,41.81,1.11,68.47,Nordeste,2025-11-09T01:29:49
2,79.26,0.41,69.64,Noroeste,2025-11-09T01:29:49
3,33.86,0.12,93.75,Sudeste,2025-11-09T01:29:49
4,30.73,0.25,20.22,Sudoeste,2025-11-09T01:29:49
1,44.58,1.24,61.19,Nordeste,2025-11-09T01:29:54
2,70.91,0.60,68.29,Noroeste,2025-11-09T01:29:54
3,33.93,0.12,78.29,Sudeste,2025-11-09T01:29:54
4,32.04,0.59,14.35,Sudoeste,2025-11-09T01:29:54
1,47.79,1.46,91.83,Nordeste,2025-11-09T01:29:59
2,77.99,0.62,61.86,Noroeste,2025-11-09T01:29:59
3,30.41,0.40,79.26,Sudeste,2025-11-09T01:29:59
4,35.03,0.27,5.42,Sudoeste,2025-11-09T01:29:59
1,40.90,1.09,63.23,Nordeste,2025-11-09T01:30:04
2,67.50,0.70,54.62,Noroeste,2025-11-09T01:30:04
3,34.63,0.28,83.39,Sudeste,2025-11-09T01:30:04
4,38.09,0.43,9.69,Sudoeste,2025-11-09T01:30:04
1,48.41,1.46,62.23,Nordeste,2025-11-09T01:30:09
2,77.64,0.59,69.66,Noroeste,2025-11-09T01:30:09
3,32.73,0.20,98.55,Sudeste,2025-11-09T01:30:09
4,37.69,0.25,18.09,Sudoeste,2025-11-09T01:30:09
1,41.30,1.27,81.59,Nordeste,2025-11-09T01:30:14
2,72.55,0.47,61.49,Noroeste,2025-11-09T01:30:14
3,30.53,0.14,85.63,Sudeste,2025-11-09T01:30:14
4,36.75,0.52,21.79,Sudoeste,2025-11-09T01:30:14
1,41.84,1.32,96.81,Nordeste,2025-11-09T01:30:19
2,83.70,0.55,75.70,Noroeste,2025-11-09T01:30:19
3,31.68,0.21,90.13,Sudeste,2025-11-09T01:30:19
4,31.74,0.39,13.20,Sudoeste,2025-11-09T01:30:19
1,40.26,1.38,69.25,Nordeste,2025-11-09T01:30:24
2,71.76,0.43,71.41,Noroeste,2025-11-09T01:30:24
3,33.52,0.34,81.45,Sudeste,2025-11-09T01:30:24
4,32.81,0.39,19.73,Sudoeste,2025-11-09T01:30:24
1,49.20,1.43,60.95,Nordeste,2025-11-09T01:30:29
2,75.93,0.65,72.21,Noroeste,2025-11-09T01:30:29
3,30.46,0.10,77.17,Sudeste,2025-11-09T01:30:29
4,37.55,0.58,10.93,Sudoeste,2025-11-09T01:30:29
1,46.23,1.34,70.43,Nordeste,2025-11-09T01:30:34
2,80.44,0.48,51.90,Noroeste,2025-11-09T01:30:34
3,32.42,0.30,92.56,Sudeste,2025-11-09T01:30:34
4,36.68,0.46,5.12,Sudoeste,2025-11-09T01:30:34
1,46.75,1.06,83.87,Nordeste,2025-11-09T01:30:39
2,75.57,0.76,70.06,Noroeste,2025-11-09T01:30:39
3,31.36,0.19,90.92,Sudeste,2025-11-09T01:30:39
4,30.55,0.46,12.60,Sudoeste,2025-11-09T01:30:39
1,47.26,1.34,93.71,Nordeste,2025-11-09T01:30:44
2,67.10,0.65,56.95,Noroeste,2025-11-09T01:30:44
3,30.21,0.13,80.35,Sudeste,2025-11-09T01:30:44
4,37.91,0.42,8.94,Sudoeste,2025-11-09T01:30:44
1,42.90,1.05,75.58,Nordeste,2025-11-09T01:30:49
2,79.17,0.72,52.00,Noroeste,2025-11-09T01:30:49
3,32.23,0.14,88.46,Sudeste,2025-11-09T01:30:49
4,31.49,0.48,7.41,Sudoeste,2025-11-09T01:30:49
1,47.96,1.15,73.39,Nordeste,2025-11-09T01:30:54
2,66.84,0.45,58.47,Noroeste,2025-11-09T01:30:54
3,34.58,0.29,88.65,Sudeste,2025-11-09T01:30:54
4,37.26,0.39,16.26,Sudoeste,2025-11-09T01:30:54
1,46.95,1.22,96.89,Nordeste,2025-11-09T01:30:59
2,74.06,0.71,51.60,Noroeste,2025-11-09T01:30:59
3,30.66,0.17,73.01,Sudeste,2025-11-09T01:30:59
4,33.33,0.20,15.96,Sudoeste,2025-11-09T01:30:59
1,44.76,1.39,98.02,Nordeste,2025-11-09T01:31:04
2,73.59,0.69,76.95,Noroeste,2025-11-09T01:31:04
3,30.44,0.35,72.00,Sudeste,2025-11-09T01:31:04
4,36.23,0.59,6.88,Sudoeste,2025-11-09T01:31:04
1,43.23,1.05,64.95,Nordeste,2025-11-09T01:31:09
2,81.79,0.56,51.36,Noroeste,2025-11-09T01:31:09
3,30.24,0.25,98.50,Sudeste,2025-11-09T01:31:09
4,35.07,0.38,21.44,Sudoeste,2025-11-09T01:31:09
1,43.01,1.05,69.77,Nordeste,2025-11-09T01:31:14
2,69.26,0.79,64.81,Noroeste,2025-11-09T01:31:14
3,31.35,0.19,73.46,Sudeste,2025-11-09T01:31:14
4,31.17,0.30,22.20,Sudoeste,2025-11-09T01:31:14
1,49.86,1.09,80.08,Nordeste,2025-11-09T01:31:19
2,83.13,0.58,72.09,Noroeste,2025-11-09T01:31:19
3,31.10,0.35,73.91,Sudeste,2025-11-09T01:31:19
4,39.40,0.36,10.27,Sudoeste,2025-11-09T01:31:19
1,48.46,1.24,93.05,Nordeste,2025-11-09T01:31:24
2,80.44,0.64,51.38,Noroeste,2025-11-09T01:31:24
3,34.74,0.25,86.77,Sudeste,2025-11-09T01:31:24
4,39.12,0.29,22.08,Sudoeste,2025-11-09T01:31:24
1,45.92,1.26,70.94,Nordeste,2025-11-09T01:31:29
2,76.25,0.46,71.72,Noroeste,2025-11-09T01:31:29
3,32.69,0.16,71.88,Sudeste,2025-11-09T01:31:29
4,36.57,0.32,23.21,Sudoeste,2025-11-09T01:31:29
1,45.89,1.04,91.12,Nordeste,2025-11-09T01:31:34
2,66.23,0.64,65.37,Noroeste,2025-11-09T01:31:34
3,32.03,0.14,77.89,Sudeste,2025-11-09T01:31:34
4,31.52,0.48,16.82,Sudoeste,2025-11-09T01:31:34
1,47.15,1.42,64.10,Nordeste,2025-11-09T01:31:39
2,69.77,0.75,71.68,Noroeste,2025-11-09T01:31:39
3,30.79,0.32,76.79,Sudeste,2025-11-09T01:31:39
4,38.65,0.34,22.99,Sudoeste,2025-11-09T01:31:39
1,41.52,1.39,84.48,Nordeste,2025-11-09T01:31:44
2,79.24,0.50,77.36,Noroeste,2025-11-09T01:31:44
3,30.36,0.37,86.66,Sudeste,2025-11-09T01:31:44
4,36.64,0.34,20.13,Sudoeste,2025-11-09T01:31:44
1,45.52,1.44,64.56,Nordeste,2025-11-09T01:31:49
2,72.90,0.70,75.06,Noroeste,2025-11-09T01:31:49
3,33.52,0.18,99.11,Sudeste,2025-11-09T01:31:49
4,31.13,0.43,18.39,Sudoeste,2025-11-09T01:31:49
1,45.20,1.19,72.59,Nordeste,2025-11-09T01:31:54
2,77.72,0.56,57.61,Noroeste,2025-11-09T01:31:54
3,33.81,0.21,79.30,Sudeste,2025-11-09T01:31:54
4,37.10,0.44,20.77,Sudoeste,2025-11-09T01:31:54
1,49.97,1.41,77.37,Nordeste,2025-11-09T01:31:59
2,68.55,0.61,63.71,Noroeste,2025-11-09T01:31:59
3,32.58,0.19,90.66,Sudeste,2025-11-09T01:31:59
4,36.25,0.44,23.22,Sudoeste,2025-11-09T01:31:59
1,44.96,1.42,97.56,Nordeste,2025-11-09T01:32:04
2,82.39,0.61,72.29,Noroeste,2025-11-09T01:32:04
3,31.57,0.35,99.68,Sudeste,2025-11-09T01:32:04
4,35.49,0.55,7.58,Sudoeste,2025-11-09T01:32:04
1,44.87,1.35,81.26,Nordeste,2025-11-09T01:32:09
2,79.35,0.47,65.57,Noroeste,2025-11-09T01:32:09
3,34.41,0.22,85.46,Sudeste,2025-11-09T01:32:09
4,37.12,0.54,6.98,Sudoeste,2025-11-09T01:32:09
1,43.28,1.48,70.01,Nordeste,2025-11-09T01:32:14
2,66.96,0.75,73.88,Noroeste,2025-11-09T01:32:14
3,34.75,0.21,86.05,Sudeste,2025-11-09T01:32:14
4,36.95,0.45,11.67,Sudoeste,2025-11-09T01:32:14
1,41.19,1.31,89.32,Nordeste,2025-11-09T01:32:19
2,69.27,0.46,75.64,Noroeste,2025-11-09T01:32:19
3,31.10,0.24,99.49,Sudeste,2025-11-09T01:32:19
4,35.61,0.44,18.60,Sudoeste,2025-11-09T01:32:19
1,42.10,1.13,75.09,Nordeste,2025-11-09T01:32:24
2,70.29,0.47,78.65,Noroeste,2025-11-09T01:32:24
3,32.67,0.34,76.63,Sudeste,2025-11-09T01:32:24
4,37.51,0.43,17.58,Sudoeste,2025-11-09T01:32:24
1,40.02,1.03,96.85,Nordeste,2025-11-09T01:32:29
2,71.78,0.66,63.10,Noroeste,2025-11-09T01:32:29
3,30.14,0.25,92.12,Sudeste,2025-11-09T01:32:29
4,30.82,0.20,18.08,Sudoeste,2025-11-09T01:32:29
1,49.50,1.28,75.14,Nordeste,2025-11-09T01:32:34
2,74.17,0.44,68.58,Noroeste,2025-11-09T01:32:34
3,31.34,0.27,84.73,Sudeste,2025-11-09T01:32:34
4,32.91,0.60,14.97,Sudoeste,2025-11-09T01:32:34
1,49.36,1.32,86.95,Nordeste,2025-11-09T01:32:39
2,71.97,0.77,65.63,Noroeste,2025-11-09T01:32:39
3,30.14,0.24,70.03,Sudeste,2025-11-09T01:32:39
4,33.54,0.41,8.99,Sudoeste,2025-11-09T01:32:39
1,43.47,1.12,98.38,Nordeste,2025-11-09T01:32:44
2,83.96,0.79,50.31,Noroeste,2025-11-09T01:32:44
3,31.60,0.37,82.49,Sudeste,2025-11-09T01:32:44
4,37.32,0.59,20.44,Sudoeste,2025-11-09T01:32:44
1,49.74,1.42,69.64,Nordeste,2025-11-09T01:32:49
2,75.55,0.45,50.87,Noroeste,2025-11-09T01:32:49
3,34.35,0.32,82.64,Sudeste,2025-11-09T01:32:49
4,38.93,0.60,20.65,Sudoeste,2025-11-09T01:32:49
1,40.03,1.29,84.71,Nordeste,2025-11-09T01:32:54
2,69.07,0.46,55.70,Noroeste,2025-11-09T01:32:54
3,31.46,0.12,98.79,Sudeste,2025-11-09T01:32:54
4,37.72,0.54,14.79,Sudoeste,2025-11-09T01:32:54
1,48.22,1.39,86.77,Nordeste,2025-11-09T01:32:59
2,84.34,0.71,62.44,Noroeste,2025-11-09T01:32:59
3,32.56,0.10,94.80,Sudeste,2025-11-09T01:32:59
4,31.71,0.30,9.46,Sudoeste,2025-11-09T01:32:59
1,41.35,1.24,77.55,Nordeste,2025-11-09T01:33:04
2,67.65,0.41,65.87,Noroeste,2025-11-09T01:33:04
3,33.05,0.17,79.32,Sudeste,2025-11-09T01:33:04
4,39.19,0.55,8.88,Sudoeste,2025-11-09T01:33:04
1,47.66,1.34,73.56,Nordeste,2025-11-09T01:33:09
2,72.78,0.44,74.71,Noroeste,2025-11-09T01:33:09
3,33.48,0.31,92.37,Sudeste,2025-11-09T01:33:09
4,36.53,0.27,21.21,Sudoeste,2025-11-09T01:33:09
1,48.49,1.23,75.03,Nordeste,2025-11-09T01:33:14
2,67.24,0.78,53.38,Noroeste,2025-11-09T01:33:14
3,30.63,0.19,76.15,Sudeste,2025-11-09T01:33:14
4,34.90,0.54,23.66,Sudoeste,2025-11-09T01:33:14
1,47.65,1.09,90.23,Nordeste,2025-11-09T01:33:19
2,83.24,0.53,53.29,Noroeste,2025-11-09T01:33:19
3,33.68,0.14,96.27,Sudeste,2025-11-09T01:33:19
4,36.05,0.45,9.07,Sudoeste,2025-11-09T01:33:19
1,49.96,1.28,71.54,Nordeste,2025-11-09T01:33:24
2,70.68,0.64,55.59,Noroeste,2025-11-09T01:33:24
3,31.27,0.21,88.51,Sudeste,2025-11-09T01:33:24
4,36.37,0.36,24.66,Sudoeste,2025-11-09T01:33:24
1,40.16,1.05,67.98,Nordeste,2025-11-09T01:33:29
2,70.61,0.42,52.20,Noroeste,2025-11-09T01:33:29
3,32.02,0.29,79.07,Sudeste,2025-11-09T01:33:29
4,34.26,0.37,13.12,Sudoeste,2025-11-09T01:33:29
1,46.17,1.06,75.92,Nordeste,2025-11-09T01:33:34
2,83.82,0.62,60.00,Noroeste,2025-11-09T01:33:34
3,34.73,0.13,86.42,Sudeste,2025-11-09T01:33:34
4,34.01,0.42,22.92,Sudoeste,2025-11-09T01:33:34
1,40.66,1.05,83.02,Nordeste,2025-11-09T01:33:39
2,84.34,0.73,50.42,Noroeste,2025-11-09T01:33:39
3,33.73,0.26,80.91,Sudeste,2025-11-09T01:33:39
4,37.53,0.38,20.66,Sudoeste,2025-11-09T01:33:39
1,44.71,1.13,92.58,Nordeste,2025-11-09T01:33:44
2,73.11,0.68,58.78,Noroeste,2025-11-09T01:33:44
3,33.77,0.19,97.76,Sudeste,2025-11-09T01:33:44
4,33.76,0.55,20.82,Sudoeste,2025-11-09T01:33:44
1,43.46,1.47,90.42,Nordeste,2025-11-09T01:33:49
2,68.76,0.80,69.61,Noroeste,2025-11-09T01:33:49
3,32.67,0.15,94.51,Sudeste,2025-11-09T01:33:49
4,37.61,0.57,9.13,Sudoeste,2025-11-09T01:33:49
1,41.29,1.08,83.92,Nordeste,2025-11-09T01:33:54
2,79.04,0.43,60.28,Noroeste,2025-11-09T01:33:54
3,32.83,0.28,84.32,Sudeste,2025-11-09T01:33:54
4,38.28,0.34,7.48,Sudoeste,2025-11-09T01:33:54
1,44.16,1.18,74.04,Nordeste,2025-11-09T01:33:59
2,78.34,0.70,72.98,Noroeste,2025-11-09T01:33:59
3,34.36,0.36,93.19,Sudeste,2025-11-09T01:33:59
4,35.83,0.41,17.19,Sudoeste,2025-11-09T01:33:59
1,49.23,1.06,85.74,Nordeste,2025-11-09T01:34:04
2,76.15,0.67,69.14,Noroeste,2025-11-09T01:34:04
3,30.99,0.24,98.85,Sudeste,2025-11-09T01:34:04
4,37.56,0.58,20.89,Sudoeste,2025-11-09T01:34:04
1,43.49,1.02,97.47,Nordeste,2025-11-09T01:34:09
2,75.29,0.60,76.08,Noroeste,2025-11-09T01:34:09
3,31.87,0.36,77.93,Sudeste,2025-11-09T01:34:09
4,39.28,0.48,7.66,Sudoeste,2025-11-09T01:34:09
1,40.39,1.04,82.04,Nordeste,2025-11-09T01:34:14
2,81.96,0.69,51.60,Noroeste,2025-11-09T01:34:14
3,34.92,0.23,72.66,Sudeste,2025-11-09T01:34:14
4,31.41,0.42,24.91,Sudoeste,2025-11-09T01:34:14
1,42.73,1.18,99.12,Nordeste,2025-11-09T01:34:19
2,66.94,0.65,60.80,Noroeste,2025-11-09T01:34:19
3,30.38,0.27,96.88,Sudeste,2025-11-09T01:34:19
4,30.82,0.40,19.86,Sudoeste,2025-11-09T01:34:19
1,44.22,1.48,77.39,Nordeste,2025-11-09T01:34:24
2,76.47,0.41,60.07,Noroeste,2025-11-09T01:34:24
3,30.83,0.24,89.88,Sudeste,2025-11-09T01:34:24
4,36.00,0.22,10.63,Sudoeste,2025-11-09T01:34:24
1,47.62,1.16,71.80,Nordeste,2025-11-09T01:34:29
2,68.64,0.65,76.40,Noroeste,2025-11-09T01:34:29
3,32.61,0.28,80.94,Sudeste,2025-11-09T01:34:29
4,34.21,0.49,14.60,Sudoeste,2025-11-09T01:34:29
1,48.07,1.11,90.58,Nordeste,2025-11-09T01:34:34
2,69.68,0.67,65.86,Noroeste,2025-11-09T01:34:34
3,30.41,0.27,85.27,Sudeste,2025-11-09T01:34:34
4,30.27,0.55,6.55,Sudoeste,2025-11-09T01:34:34
1,41.15,1.45,92.66,Nordeste,2025-11-09T01:34:39
2,67.95,0.78,54.26,Noroeste,2025-11-09T01:34:39
3,30.29,0.12,79.29,Sudeste,2025-11-09T01:34:39
4,38.39,0.51,16.20,Sudoeste,2025-11-09T01:34:39
1,43.22,1.06,85.17,Nordeste,2025-11-09T01:34:44
2,65.12,0.47,76.57,Noroeste,2025-11-09T01:34:44
3,34.26,0.11,83.20,Sudeste,2025-11-09T01:34:44
4,31.45,0.52,21.41,Sudoeste,2025-11-09T01:34:44
1,40.31,1.02,72.03,Nordeste,2025-11-09T01:34:49
2,66.46,0.49,67.40,Noroeste,2025-11-09T01:34:49
3,30.58,0.20,79.39,Sudeste,2025-11-09T01:34:49
4,31.50,0.42,13.44,Sudoeste,2025-11-09T01:34:49
1,43.87,1.09,96.22,Nordeste,2025-11-09T01:34:54
2,78.30,0.50,57.96,Noroeste,2025-11-09T01:34:54
3,33.71,0.24,97.23,Sudeste,2025-11-09T01:34:54
4,32.60,0.53,14.15,Sudoeste,2025-11-09T01:34:54
1,42.88,1.48,69.69,Nordeste,2025-11-09T01:34:59
2,79.32,0.71,75.43,Noroeste,2025-11-09T01:34:59
3,30.65,0.13,89.28,Sudeste,2025-11-09T01:34:59
4,38.92,0.32,23.03,Sudoeste,2025-11-09T01:34:59
1,49.38,1.03,87.22,Nordeste,2025-11-09T01:35:04
2,83.29,0.74,51.10,Noroeste,2025-11-09T01:35:04
3,31.78,0.25,72.18,Sudeste,2025-11-09T01:35:04
4,38.89,0.56,5.02,Sudoeste,2025-11-09T01:35:04
1,46.53,1.28,86.12,Nordeste,2025-11-09T01:35:09
2,70.99,0.79,73.73,Noroeste,2025-11-09T01:35:09
3,32.77,0.13,95.44,Sudeste,2025-11-09T01:35:09
4,39.03,0.21,9.74,Sudoeste,2025-11-09T01:35:09
1,42.07,1.09,62.14,Nordeste,2025-11-09T01:35:14
2,73.43,0.57,67.46,Noroeste,2025-11-09T01:35:14
3,34.11,0.29,82.56,Sudeste,2025-11-09T01:35:14
4,39.23,0.45,12.08,Sudoeste,2025-11-09T01:35:14
1,48.56,1.25,96.08,Nordeste,2025-11-09T01:35:19
2,84.91,0.44,70.78,Noroeste,2025-11-09T01:35:19
3,32.82,0.32,88.53,Sudeste,2025-11-09T01:35:19
4,32.18,0.22,5.87,Sudoeste,2025-11-09T01:35:19
1,49.99,1.07,89.26,Nordeste,2025-11-09T01:35:24
2,72.42,0.58,67.87,Noroeste,2025-11-09T01:35:24
3,31.04,0.32,95.16,Sudeste,2025-11-09T01:35:24
4,31.82,0.47,10.67,Sudoeste,2025-11-09T01:35:24
1,43.30,1.21,97.29,Nordeste,2025-11-09T01:35:29
2,67.31,0.44,61.59,Noroeste,2025-11-09T01:35:29
3,34.50,0.35,75.62,Sudeste,2025-11-09T01:35:29
4,33.48,0.49,10.87,Sudoeste,2025-11-09T01:35:29
1,40.09,1.07,96.28,Nordeste,2025-11-09T01:35:34
2,65.89,0.45,74.89,Noroeste,2025-11-09T01:35:34
3,30.99,0.23,94.98,Sudeste,2025-11-09T01:35:34
4,33.17,0.35,13.38,Sudoeste,2025-11-09T01:35:34
1,42.93,1.17,86.52,Nordeste,2025-11-09T01:35:39
2,69.55,0.53,74.40,Noroeste,2025-11-09T01:35:39
3,31.56,0.25,71.83,Sudeste,2025-11-09T01:35:39
4,37.51,0.51,22.74,Sudoeste,2025-11-09T01:35:39
1,44.25,1.46,68.19,Nordeste,2025-11-09T01:35:44
2,72.22,0.40,62.10,Noroeste,2025-11-09T01:35:44
3,32.98,0.25,94.77,Sudeste,2025-11-09T01:35:44
4,37.44,0.48,6.94,Sudoeste,2025-11-09T01:35:44
1,45.57,1.24,71.67,Nordeste,2025-11-09T01:35:49
2,76.97,0.42,55.48,Noroeste,2025-11-09T01:35:49
3,30.09,0.20,97.02,Sudeste,2025-11-09T01:35:49
4,31.67,0.43,10.32,Sudoeste,2025-11-09T01:35:49
1,42.73,1.30,84.22,Nordeste,2025-11-09T01:35:54
2,65.17,0.65,60.56,Noroeste,2025-11-09T01:35:54
3,31.60,0.32,84.38,Sudeste,2025-11-09T01:35:54
4,36.44,0.59,15.48,Sudoeste,2025-11-09T01:35:54
1,47.18,1.32,79.17,Nordeste,2025-11-09T01:35:59
2,70.36,0.58,57.37,Noroeste,2025-11-09T01:35:59
3,30.58,0.13,81.79,Sudeste,2025-11-09T01:35:59
4,35.12,0.21,12.30,Sudoeste,2025-11-09T01:35:59
1,43.48,1.26,65.48,Nordeste,2025-11-09T01:36:04
2,68.47,0.41,55.64,Noroeste,2025-11-09T01:36:04
3,34.91,0.22,98.07,Sudeste,2025-11-09T01:36:04
4,35.12,0.34,19.78,Sudoeste,2025-11-09T01:36:04
1,42.89,1.10,98.24,Nordeste,2025-11-09T01:36:09
2,71.64,0.44,77.45,Noroeste,2025-11-09T01:36:09
3,32.57,0.18,96.90,Sudeste,2025-11-09T01:36:09
4,35.54,0.23,8.73,Sudoeste,2025-11-09T01:36:09
1,42.39,1.01,97.60,Nordeste,2025-11-09T01:36:14
2,73.89,0.57,68.80,Noroeste,2025-11-09T01:36:14
3,30.97,0.18,72.45,Sudeste,2025-11-09T01:36:14
4,35.30,0.42,15.38,Sudoeste,2025-11-09T01:36:14
1,48.54,1.32,76.59,Nordeste,2025-11-09T01:36:19
2,78.79,0.54,70.01,Noroeste,2025-11-09T01:36:19
3,34.49,0.39,96.28,Sudeste,2025-11-09T01:36:19
4,31.69,0.50,17.65,Sudoeste,2025-11-09T01:36:19
1,42.25,1.23,75.53,Nordeste,2025-11-09T01:36:24
2,80.03,0.68,77.94,Noroeste,2025-11-09T01:36:24
3,30.09,0.33,98.78,Sudeste,2025-11-09T01:36:24
4,39.78,0.36,11.70,Sudoeste,2025-11-09T01:36:24
1,45.67,1.16,69.26,Nordeste,2025-11-09T01:36:29
2,81.29,0.60,66.16,Noroeste,2025-11-09T01:36:29
3,32.76,0.28,78.43,Sudeste,2025-11-09T01:36:29
4,38.84,0.46,24.09,Sudoeste,2025-11-09T01:36:29
1,42.43,1.41,66.72,Nordeste,2025-11-09T01:36:34
2,69.45,0.55,52.11,Noroeste,2025-11-09T01:36:34
3,33.95,0.23,78.64,Sudeste,2025-11-09T01:36:34
4,36.26,0.20,20.80,Sudoeste,2025-11-09T01:36:34
1,43.22,1.25,89.01,Nordeste,2025-11-09T01:36:39
2,83.02,0.59,74.16,Noroeste,2025-11-09T01:36:39
3,30.23,0.33,71.83,Sudeste,2025-11-09T01:36:39
4,39.60,0.33,22.15,Sudoeste,2025-11-09T01:36:39
1,43.71,1.14,80.97,Nordeste,2025-11-09T01:36:44
2,75.50,0.44,50.27,Noroeste,2025-11-09T01:36:44
3,34.56,0.35,78.21,Sudeste,2025-11-09T01:36:44
4,32.31,0.53,8.95,Sudoeste,2025-11-09T01:36:44
1,42.14,1.29,96.10,Nordeste,2025-11-09T01:36:49
2,79.76,0.75,68.66,Noroeste,2025-11-09T01:36:49
3,33.23,0.30,93.20,Sudeste,2025-11-09T01:36:49
4,34.60,0.54,14.69,Sudoeste,2025-11-09T01:36:49
1,49.81,1.36,74.32,Nordeste,2025-11-09T01:36:54
2,75.22,0.71,72.59,Noroeste,2025-11-09T01:36:54
3,33.35,0.23,75.35,Sudeste,2025-11-09T01:36:54
4,37.10,0.46,6.08,Sudoeste,2025-11-09T01:36:54
1,44.44,1.19,70.51,Nordeste,2025-11-09T01:36:59
2,72.21,0.46,55.91,Noroeste,2025-11-09T01:36:59
3,33.08,0.38,73.99,Sudeste,2025-11-09T01:36:59
4,37.55,0.43,8.18,Sudoeste,2025-11-09T01:36:59
1,48.34,1.13,63.90,Nordeste,2025-11-09T01:37:04
2,70.48,0.76,79.93,Noroeste,2025-11-09T01:37:04
3,31.48,0.25,72.19,Sudeste,2025-11-09T01:37:04
4,37.89,0.26,9.32,Sudoeste,2025-11-09T01:37:04
1,48.19,1.42,70.57,Nordeste,2025-11-09T01:37:09
2,65.93,0.72,58.72,Noroeste,2025-11-09T01:37:09
3,34.97,0.12,74.33,Sudeste,2025-11-09T01:37:09
4,31.81,0.33,22.81,Sudoeste,2025-11-09T01:37:09
1,40.94,1.19,80.18,Nordeste,2025-11-09T01:37:14
2,72.21,0.55,73.69,Noroeste,2025-11-09T01:37:14
3,34.41,0.30,73.49,Sudeste,2025-11-09T01:37:14
4,37.04,0.48,18.86,Sudoeste,2025-11-09T01:37:14
1,49.19,1.24,70.69,Nordeste,2025-11-09T01:37:19
2,74.38,0.51,52.80,Noroeste,2025-11-09T01:37:19
3,30.01,0.36,77.51,Sudeste,2025-11-09T01:37:19
4,38.71,0.20,20.30,Sudoeste,2025-11-09T01:37:19
1,49.16,1.11,81.55,Nordeste,2025-11-09T01:37:24
2,67.53,0.79,53.79,Noroeste,2025-11-09T01:37:24
3,32.90,0.36,76.41,Sudeste,2025-11-09T01:37:24
4,32.84,0.60,11.99,Sudoeste,2025-11-09T01:37:24
1,45.58,1.26,90.28,Nordeste,2025-11-09T01:37:29
2,72.63,0.48,57.62,Noroeste,2025-11-09T01:37:29
3,32.74,0.22,70.39,Sudeste,2025-11-09T01:37:29
4,38.81,0.23,16.25,Sudoeste,2025-11-09T01:37:29
1,42.93,1.47,75.52,Nordeste,2025-11-09T01:37:34
2,67.46,0.72,76.34,Noroeste,2025-11-09T01:37:34
3,30.59,0.15,79.68,Sudeste,2025-11-09T01:37:34
4,31.47,0.48,24.59,Sudoeste,2025-11-09T01:37:34
1,41.84,1.49,68.05,Nordeste,2025-11-09T01:37:39
2,72.71,0.55,77.96,Noroeste,2025-11-09T01:37:39
3,33.87,0.17,94.72,Sudeste,2025-11-09T01:37:39
4,34.82,0.33,6.64,Sudoeste,2025-11-09T01:37:39
1,49.53,1.29,87.51,Nordeste,2025-11-09T01:37:44
2,73.31,0.48,53.45,Noroeste,2025-11-09T01:37:44
3,30.02,0.18,85.80,Sudeste,2025-11-09T01:37:44
4,38.88,0.48,13.89,Sudoeste,2025-11-09T01:37:44
1,46.66,1.14,81.83,Nordeste,2025-11-09T01:37:49
2,76.18,0.52,77.34,Noroeste,2025-11-09T01:37:49
3,33.96,0.39,78.93,Sudeste,2025-11-09T01:37:49
4,31.93,0.30,15.48,Sudoeste,2025-11-09T01:37:49
1,44.98,1.09,73.25,Nordeste,2025-11-09T01:37:54
2,74.99,0.57,65.13,Noroeste,2025-11-09T01:37:54
3,31.18,0.37,84.79,Sudeste,2025-11-09T01:37:54
4,34.60,0.34,13.33,Sudoeste,2025-11-09T01:37:54
1,41.00,1.11,94.04,Nordeste,2025-11-09T01:37:59
2,84.15,0.50,61.58,Noroeste,2025-11-09T01:37:59
3,31.17,0.32,93.79,Sudeste,2025-11-09T01:37:59
4,34.36,0.23,19.56,Sudoeste,2025-11-09T01:37:59
1,47.40,1.40,73.30,Nordeste,2025-11-09T01:38:04
2,80.63,0.44,58.93,Noroeste,2025-11-09T01:38:04
3,30.43,0.34,88.07,Sudeste,2025-11-09T01:38:04
4,35.24,0.33,12.33,Sudoeste,2025-11-09T01:38:04
1,44.68,1.35,74.60,Nordeste,2025-11-09T01:38:09
2,84.53,0.48,53.46,Noroeste,2025-11-09T01:38:09
3,32.14,0.14,82.98,Sudeste,2025-11-09T01:38:09
4,35.82,0.30,14.69,Sudoeste,2025-11-09T01:38:09
1,45.39,1.44,74.56,Nordeste,2025-11-09T01:38:14
2,78.25,0.74,76.99,Noroeste,2025-11-09T01:38:14
3,30.10,0.40,88.25,Sudeste,2025-11-09T01:38:14
4,35.47,0.52,5.12,Sudoeste,2025-11-09T01:38:14
1,40.09,1.15,79.98,Nordeste,2025-11-09T01:38:19
2,82.88,0.43,72.07,Noroeste,2025-11-09T01:38:19
3,34.62,0.31,81.82,Sudeste,2025-11-09T01:38:19
4,31.12,0.46,18.78,Sudoeste,2025-11-09T01:38:19
1,47.12,1.46,86.54,Nordeste,2025-11-09T01:38:25
2,65.10,0.74,67.45,Noroeste,2025-11-09T01:38:25
3,33.70,0.40,79.81,Sudeste,2025-11-09T01:38:25
4,36.25,0.33,8.51,Sudoeste,2025-11-09T01:38:25
1,43.60,1.08,66.73,Nordeste,2025-11-09T01:38:30
2,83.03,0.75,62.28,Noroeste,2025-11-09T01:38:30
3,33.34,0.25,71.40,Sudeste,2025-11-09T01:38:30
4,31.31,0.20,22.66,Sudoeste,2025-11-09T01:38:30
1,45.90,1.46,92.62,Nordeste,2025-11-09T01:38:35
2,72.69,0.50,67.91,Noroeste,2025-11-09T01:38:35
3,30.64,0.11,79.73,Sudeste,2025-11-09T01:38:35
4,31.66,0.34,9.15,Sudoeste,2025-11-09T01:38:35
1,41.35,1.24,60.37,Nordeste,2025-11-09T01:38:40
2,77.17,0.68,62.52,Noroeste,2025-11-09T01:38:40
3,32.42,0.20,70.29,Sudeste,2025-11-09T01:38:40
4,34.14,0.58,16.89,Sudoeste,2025-11-09T01:38:40
1,42.06,1.35,74.93,Nordeste,2025-11-09T01:38:45
2,76.91,0.70,58.53,Noroeste,2025-11-09T01:38:45
3,34.05,0.22,71.96,Sudeste,2025-11-09T01:38:45
4,35.23,0.29,9.45,Sudoeste,2025-11-09T01:38:45
1,41.00,1.26,63.86,Nordeste,2025-11-09T01:38:50
2,68.22,0.51,59.27,Noroeste,2025-11-09T01:38:50
3,30.86,0.11,98.54,Sudeste,2025-11-09T01:38:50
4,32.52,0.49,13.15,Sudoeste,2025-11-09T01:38:50
1,49.23,1.35,67.55,Nordeste,2025-11-09T01:38:55
2,69.78,0.66,56.26,Noroeste,2025-11-09T01:38:55
3,31.66,0.12,71.15,Sudeste,2025-11-09T01:38:55
4,38.38,0.41,19.46,Sudoeste,2025-11-09T01:38:55
1,45.42,1.00,88.60,Nordeste,2025-11-09T01:39:00
2,70.28,0.45,71.23,Noroeste,2025-11-09T01:39:00
3,33.39,0.32,70.58,Sudeste,2025-11-09T01:39:00
4,33.86,0.58,22.92,Sudoeste,2025-11-09T01:39:00
1,48.11,1.40,99.11,Nordeste,2025-11-09T01:39:05
2,76.19,0.52,58.84,Noroeste,2025-11-09T01:39:05
3,31.04,0.37,97.90,Sudeste,2025-11-09T01:39:05
4,33.21,0.45,5.75,Sudoeste,2025-11-09T01:39:05
1,46.40,1.42,97.04,Nordeste,2025-11-09T01:39:10
2,77.42,0.45,54.95,Noroeste,2025-11-09T01:39:10
3,33.62,0.28,89.74,Sudeste,2025-11-09T01:39:10
4,38.93,0.26,5.92,Sudoeste,2025-11-09T01:39:10
1,49.06,1.13,79.49,Nordeste,2025-11-09T01:39:15
2,76.12,0.41,63.09,Noroeste,2025-11-09T01:39:15
3,31.38,0.26,80.93,Sudeste,2025-11-09T01:39:15
4,39.60,0.35,8.65,Sudoeste,2025-11-09T01:39:15
1,45.93,1.09,89.43,Nordeste,2025-11-09T01:39:20
2,68.32,0.76,69.98,Noroeste,2025-11-09T01:39:20
3,32.27,0.11,89.19,Sudeste,2025-11-09T01:39:20
4,35.96,0.27,18.36,Sudoeste,2025-11-09T01:39:20
1,40.26,1.47,90.30,Nordeste,2025-11-09T01:39:25
2,65.15,0.40,69.25,Noroeste,2025-11-09T01:39:25
3,34.74,0.39,70.82,Sudeste,2025-11-09T01:39:25
4,32.54,0.26,22.44,Sudoeste,2025-11-09T01:39:25
1,47.59,1.38,91.52,Nordeste,2025-11-09T01:39:30
2,67.83,0.79,50.14,Noroeste,2025-11-09T01:39:30
3,32.47,0.19,94.02,Sudeste,2025-11-09T01:39:30
4,38.07,0.37,6.60,Sudoeste,2025-11-09T01:39:30
1,47.82,1.31,84.46,Nordeste,2025-11-09T01:39:35
2,66.45,0.51,69.29,Noroeste,2025-11-09T01:39:35
3,33.23,0.15,96.43,Sudeste,2025-11-09T01:39:35
4,33.70,0.20,12.89,Sudoeste,2025-11-09T01:39:35
1,47.65,1.28,84.44,Nordeste,2025-11-09T01:39:40
2,67.47,0.59,57.40,Noroeste,2025-11-09T01:39:40
3,30.84,0.35,90.45,Sudeste,2025-11-09T01:39:40
4,32.13,0.33,16.49,Sudoeste,2025-11-09T01:39:40
1,41.74,1.15,80.84,Nordeste,2025-11-09T01:39:45
2,74.81,0.47,67.74,Noroeste,2025-11-09T01:39:45
3,32.21,0.26,87.41,Sudeste,2025-11-09T01:39:45
4,32.74,0.49,7.40,Sudoeste,2025-11-09T01:39:45
1,42.51,1.46,75.62,Nordeste,2025-11-09T01:39:50
2,66.97,0.78,57.90,Noroeste,2025-11-09T01:39:50
3,30.69,0.32,88.72,Sudeste,2025-11-09T01:39:50
4,34.84,0.32,18.38,Sudoeste,2025-11-09T01:39:50
1,41.57,1.40,81.79,Nordeste,2025-11-09T01:39:55
2,76.63,0.59,76.43,Noroeste,2025-11-09T01:39:55
3,34.03,0.17,95.47,Sudeste,2025-11-09T01:39:55
4,33.79,0.26,18.09,Sudoeste,2025-11-09T01:39:55
1,43.71,1.42,90.39,Nordeste,2025-11-09T01:40:00
2,83.88,0.50,78.57,Noroeste,2025-11-09T01:40:00
3,33.61,0.27,86.52,Sudeste,2025-11-09T01:40:00
4,39.03,0.27,5.05,Sudoeste,2025-11-09T01:40:00
1,42.04,1.25,67.52,Nordeste,2025-11-09T01:40:05
2,68.84,0.56,73.30,Noroeste,2025-11-09T01:40:05
3,34.70,0.24,71.97,Sudeste,2025-11-09T01:40:05
4,34.23,0.29,8.15,Sudoeste,2025-11-09T01:40:05
1,43.64,1.26,69.87,Nordeste,2025-11-09T01:40:10
2,67.46,0.43,56.98,Noroeste,2025-11-09T01:40:10
3,34.38,0.14,82.53,Sudeste,2025-11-09T01:40:10
4,38.29,0.30,11.74,Sudoeste,2025-11-09T01:40:10
1,43.20,1.21,64.14,Nordeste,2025-11-09T01:40:15
2,84.12,0.74,77.05,Noroeste,2025-11-09T01:40:15
3,34.35,0.23,80.66,Sudeste,2025-11-09T01:40:15
4,38.87,0.44,11.73,Sudoeste,2025-11-09T01:40:15
1,47.11,1.28,91.50,Nordeste,2025-11-09T01:40:20
2,66.30,0.50,73.89,Noroeste,2025-11-09T01:40:20
3,34.23,0.15,96.25,Sudeste,2025-11-09T01:40:20
4,39.69,0.32,24.68,Sudoeste,2025-11-09T01:40:20
1,47.83,1.27,80.16,Nordeste,2025-11-09T01:40:25
2,84.92,0.73,53.46,Noroeste,2025-11-09T01:40:25
3,31.15,0.27,74.28,Sudeste,2025-11-09T01:40:25
4,30.84,0.37,17.18,Sudoeste,2025-11-09T01:40:25
1,46.72,1.31,68.88,Nordeste,2025-11-09T01:40:30
2,84.33,0.78,78.41,Noroeste,2025-11-09T01:40:30
3,33.01,0.38,86.50,Sudeste,2025-11-09T01:40:30
4,35.76,0.37,21.26,Sudoeste,2025-11-09T01:40:30
1,45.50,1.10,70.70,Nordeste,2025-11-09T01:40:35
2,80.81,0.62,57.23,Noroeste,2025-11-09T01:40:35
3,30.68,0.39,98.64,Sudeste,2025-11-09T01:40:35
4,37.44,0.43,7.18,Sudoeste,2025-11-09T01:40:35
1,47.01,1.22,70.60,Nordeste,2025-11-09T01:40:40
2,75.76,0.65,67.05,Noroeste,2025-11-09T01:40:40
3,31.22,0.18,89.85,Sudeste,2025-11-09T01:40:40
4,31.91,0.55,14.51,Sudoeste,2025-11-09T01:40:40
1,49.68,1.23,84.54,Nordeste,2025-11-09T01:40:45
2,71.82,0.43,67.35,Noroeste,2025-11-09T01:40:45
3,34.63,0.22,90.03,Sudeste,2025-11-09T01:40:45
4,34.54,0.38,10.66,Sudoeste,2025-11-09T01:40:45
1,40.50,1.15,84.82,Nordeste,2025-11-09T01:40:50
2,70.51,0.62,75.55,Noroeste,2025-11-09T01:40:50
3,30.58,0.18,75.60,Sudeste,2025-11-09T01:40:50
4,32.51,0.41,16.08,Sudoeste,2025-11-09T01:40:50
1,43.49,1.50,73.79,Nordeste,2025-11-09T01:40:55
2,84.36,0.68,79.82,Noroeste,2025-11-09T01:40:55
3,30.84,0.18,90.43,Sudeste,2025-11-09T01:40:55
4,31.68,0.59,24.33,Sudoeste,2025-11-09T01:40:55
1,47.25,1.39,70.48,Nordeste,2025-11-09T01:41:00
2,72.01,0.75,68.39,Noroeste,2025-11-09T01:41:00
3,31.30,0.15,77.59,Sudeste,2025-11-09T01:41:00
4,39.36,0.43,24.07,Sudoeste,2025-11-09T01:41:00
